OBJECTID,IPEDSID,NAME,ADDRESS,CITY,STATE,ZIP,ZIP4,TELEPHONE,TYPE,STATUS,POPULATION,COUNTY,COUNTYFIPS,COUNTRY,LATITUDE,LONGITUDE,NAICS_CODE,NAICS_DESC,SOURCE,SOURCEDATE,VAL_METHOD,VAL_DATE,WEBSITE,STFIPS,COFIPS,SECTOR,LEVEL,HI_OFFER,DEG_GRANT,LOCALE,CLOSE_DATE,MERGE_ID,ALIAS,SIZE_SET,INST_SIZE,PT_ENROLL,FT_ENROLL,TOT_ENROLL,HOUSING,DORM_CAP,TOT_EMP,SHELTER_ID,x,y,cc_id,total acres,district,campuses,settings,housing,website,founded,nickname,wikipedia_url
417,109907,BARSTOW COMMUNITY COLLEGE,2700 BARSTOW ROAD,BARSTOW,CA,92311,NOT AVAILABLE,(760) 252-2411,1,A,2720,SAN BERNARDINO,6071,USA,34.8714510300001,-117.025229949,611210,JUNIOR COLLEGES,https://nces.ed.gov/collegenavigator/?id=109907,10/13/2009 12:00:00 AM,IMAGERY,7/15/2016 12:00:00 AM,www.barstow.edu/,6,71,4,1,40,1,32,-2,-2,NOT AVAILABLE,3,2,1387,1057,2444,2,-999,276,NOT AVAILABLE,-13027189.0078884,4146425.54555623,109907A;109907B,165.2,BARSTOW COMMUNITY COLLEGE DISTRICT,BARSTOW CAMPUS;NON-CAMPUS LAND,Town: Distant;nan,No;nan,www.barstow.edu/,1959,Vikings,en.wikipedia.org/wiki/Barstow_Community_College
426,121707,COLLEGE OF THE REDWOODS,7351 TOMPKINS HILL RD,EUREKA,CA,95501,9300,(707) 476-4100,1,A,4331,HUMBOLDT,6023,USA,40.6967440000001,-124.195075,611210,JUNIOR COLLEGES,https://nces.ed.gov/collegenavigator/?id=121707,12/31/2009 12:00:00 AM,IMAGERY,7/18/2016 12:00:00 AM,www.redwoods.edu/,6,23,4,2,40,1,41,-2,-2,NOT AVAILABLE,3,2,2680,1211,3891,1,150,440,NOT AVAILABLE,-13825332.5080324,4967713.85211311,121707A;121707B;121707C;121707E;121707F;121707D,285.2,REDWOODS COMMUNITY COLLEGE DISTRICT,EUREKA CAMPUS;DEL NORTE EDUCATION CENTER;GARBERVILLE INSTRUCTIONAL SITE;EUREKA DOWNTOWN;EUREKA OLD TOWN;KLAMATH-TRINITY INSTRUCTIONAL SITE,Rural: Fringe;nan,Yes;nan,www.redwoods.edu/,1964,Corsairs,en.wikipedia.org/wiki/College_of_the_Redwoods
504,460464,NORCO COLLEGE,2001 THIRD ST,NORCO,CA,92860,NOT AVAILABLE,(951) 372-7000,1,A,10748,RIVERSIDE,6065,USA,33.9167523940001,-117.569994205,611210,JUNIOR COLLEGES,https://nces.ed.gov/collegenavigator/?id=460464,6/25/2013 12:00:00 AM,IMAGERY/OTHER,5/26/2016 12:00:00 AM,www.norcocollege.edu/Pages/index.aspx,6,65,4,1,40,1,21,-2,-2,NOT AVAILABLE,2,4,8057,2204,10261,2,-999,487,NOT AVAILABLE,-13087831.8874687,4017629.37647633,460464A,144.7,RIVERSIDE COMMUNITY COLLEGE DISTRICT,NORCO COLLEGE CAMPUS,Suburb: Large,No,www.norcocollege.edu/Pages/index.aspx,1991,Mustangs,en.wikipedia.org/wiki/Norco_College
564,109350,ANTELOPE VALLEY COLLEGE,3041 WEST AVE K,LANCASTER,CA,93536,5426,(661) 722-6300,1,A,13223,LOS ANGELES,6037,USA,34.6762073260001,-118.186166454,611210,JUNIOR COLLEGES,https://nces.ed.gov/collegenavigator/?id=109350,10/13/2009 12:00:00 AM,IMAGERY,7/7/2016 12:00:00 AM,www.avc.edu/,6,37,1,1,30,1,21,-2,-2,NOT AVAILABLE,1,4,8275,3782,12057,2,-999,1166,10820633,-13156423.8684683,4119965.61022199,109350A;109350B;109350C,112.5,ANTELOPE VALLEY COMMUNITY COLLEGE DISTRICT,ANTELOPE VALLEY CAMPUS;NON-CAMPUS LAND;PALMDALE CENTER,Suburb: Large;nan,No;nan,www.avc.edu/,1929,Marauders,en.wikipedia.org/wiki/Antelope_Valley_College
608,111461,COLLEGE OF THE CANYONS,26455 ROCKWELL CANYON RD,SANTA CLARITA,CA,91355,1899,(661) 259-7800,1,A,21813,LOS ANGELES,6037,USA,34.4031209880001,-118.569523652,611210,JUNIOR COLLEGES,https://nces.ed.gov/collegenavigator/?id=111461,10/13/2009 12:00:00 AM,IMAGERY,7/7/2016 12:00:00 AM,www.canyons.edu/,6,37,4,1,40,1,21,-2,-2,NOT AVAILABLE,3,5,14495,6078,20573,2,-999,1240,NOT AVAILABLE,-13199098.9965416,4083060.62345362,111461A;111461B,221.6,SANTA CLARITA COMMUNITY COLLEGE DISTRICT,VALENCIA CAMPUS;CANYON COUNTRY CAMPUS,Suburb: Large;nan,No;nan,www.canyons.edu/,1969,Cougars,en.wikipedia.org/wiki/College_of_the_Canyons
609,112190,CITY COLLEGE OF SAN FRANCISCO,50 FRIDA KAHLO DRIVE,SAN FRANCISCO,CA,94112,1898,(415) 239-3000,1,A,21493,SAN FRANCISCO,6075,USA,37.725953207,-122.451155088,611210,JUNIOR COLLEGES,https://nces.ed.gov/collegenavigator/?id=112190,10/13/2009 12:00:00 AM,IMAGERY,7/7/2016 12:00:00 AM,www.ccsf.edu/,6,75,4,3,40,1,11,-2,-2,NOT AVAILABLE,5,4,12970,6737,19707,2,-999,1786,NOT AVAILABLE,-13631200.2314443,4540784.20004887,112190A;112190B;112190C;112190D;112190E;112190F;112190G;112190H;112190I;112190J;112190K,99.6,SAN FRANCISCO COMMUNITY COLLEGE DISTRICT,OCEAN CAMPUS;AIRPORT CENTER;CHINATOWN/NORTH BEACH CENTER;CIVIC CENTER;DOWNTOWN CENTER;EVANS CENTER;FORT MASON CENTER;GOUGH STREET CENTER;JOHN ADAMS CENTER;MISSION CENTER;SOUTHEAST CENTER,City: Large;nan,No;nan,www.ccsf.edu/,1935,Rams,en.wikipedia.org/wiki/City_College_of_San_Francisco
610,113193,CUESTA COLLEGE,HIGHWAY 1,SAN LUIS OBISPO,CA,93403,8106,(805) 546-3100,1,A,10780,SAN LUIS OBISPO,6079,USA,35.3298590000001,-120.741624,611210,JUNIOR COLLEGES,https://nces.ed.gov/collegenavigator/?id=113193,12/31/2009 12:00:00 AM,IMAGERY,7/7/2016 12:00:00 AM,https://www.cuesta.edu/,6,79,4,3,40,1,23,-2,-2,NOT AVAILABLE,2,4,7106,2987,10093,2,-999,687,NOT AVAILABLE,-13440896.1012329,4208798.50895609,113193A;113193B;113193D;113193C;113193E,351.1,CUESTA COLLEGE - SAN LUIS OBISPO COUNTY COMMUNITY COLLEGE DISTRICT,SAN LUIS OBISPO CAMPUS;NON-CAMPUS LAND;NORTH COUNTY CAMPUS;SOUTH COUNTY CENTER,Suburb: Small;nan,No;nan,https://www.cuesta.edu/,1963,Cougars,en.wikipedia.org/wiki/Cuesta_College
611,113573,COLLEGE OF THE DESERT,43-500 MONTEREY AVE,PALM DESERT,CA,92260,NOT AVAILABLE,(760) 346-8041,1,A,11741,RIVERSIDE,6065,USA,33.7324840000001,-116.38761,611210,JUNIOR COLLEGES,https://nces.ed.gov/collegenavigator/?id=113573,12/31/2009 12:00:00 AM,IMAGERY,7/7/2016 12:00:00 AM,www.collegeofthedesert.edu/,6,65,4,3,40,1,13,-2,-2,DESERT COMMUNITY COLLEGE DISTRICT,1,4,6735,4197,10932,2,-999,809,NOT AVAILABLE,-12956209.4798461,3992937.47771501,113573A;113573B;113573C;113573D;113573E,169.6,COLLEGE OF THE DESERT--DESERT COMMUNITY COLLEGE DISTRICT,PALM DESERT CAMPUS;INDIO CAMPUS;MECCA CAMPUS;DESERT HOT SPRINGS CAMPUS;PALM SPRINGS CAMPUS,Suburb: Large;nan,No;nan,www.collegeofthedesert.edu/,1958,Roadrunners,en.wikipedia.org/wiki/College_of_the_Desert
612,117645,LONG BEACH CITY COLLEGE,4901 E. CARSON ST.,LONG BEACH,CA,90808,1706,(562) 938-4111,1,A,24729,LOS ANGELES,6037,USA,33.831741347,-118.135819317,611210,JUNIOR COLLEGES,https://nces.ed.gov/collegenavigator/?id=117645,10/13/2009 12:00:00 AM,IMAGERY,7/7/2016 12:00:00 AM,www.lbcc.edu/,6,37,4,3,40,1,11,-2,-2,NOT AVAILABLE,7,5,13799,9348,23147,2,-999,1582,10822665,-13150819.2508146,4006231.31427976,117645A;117645B,144.5,LONG BEACH COMMUNITY COLLEGE DISTRICT,LIBERAL ARTS CAMPUS;PACIFIC COAST CAMPUS,City: Large;nan,No;nan,www.lbcc.edu/,1927,Vikings,en.wikipedia.org/wiki/Long_Beach_City_College
613,119216,MT SAN JACINTO COMMUNITY COLLEGE DISTRICT,1499 N. STATE ST.,SAN JACINTO,CA,92583,2399,(951) 487-6752,1,A,15396,RIVERSIDE,6065,USA,33.807364104,-116.970062639,611210,JUNIOR COLLEGES,https://nces.ed.gov/collegenavigator/?id=119216,10/13/2009 12:00:00 AM,IMAGERY,7/7/2016 12:00:00 AM,www.msjc.edu/,6,65,4,2,40,1,22,-2,-2,MT. SAN JACINTO CCD,1,4,8763,5225,13988,2,-999,1408,NOT AVAILABLE,-13021047.8110308,4002964.96856368,119216A;119216B;119216C;119216D;119216E,228.4,MT. SAN JACINTO COMMUNITY COLLEGE DISTRICT,SAN JACINTO CAMPUS;MENIFEE VALLEY CAMPUS;SAN GORGONIO PASS CAMPUS;TEMECULA EDUCATION COMPLEX;TEMECULA HIGHER EDUCATION CENTER,Suburb: Midsize;nan,No;nan,www.msjc.edu/,1962,Eagles,en.wikipedia.org/wiki/Mt._San_Jacinto_College
614,121901,RIVERSIDE CITY COLLEGE,4800 MAGNOLIA AVENUE,RIVERSIDE,CA,92506,NOT AVAILABLE,(951) 222-8000 EXT 8979,1,A,21112,RIVERSIDE,6065,USA,33.9714813570001,-117.380540006,611210,JUNIOR COLLEGES,https://nces.ed.gov/collegenavigator/?id=121901,12/10/2009 12:00:00 AM,IMAGERY/OTHER,7/7/2016 12:00:00 AM,www.rcc.edu/riverside/,6,65,4,3,40,1,11,-2,-2,NOT AVAILABLE,5,5,14158,5922,20080,2,-999,1032,NOT AVAILABLE,-13066741.9425074,4024973.31167064,121901A,101.9,RIVERSIDE COMMUNITY COLLEGE DISTRICT,RIVERSIDE CITY COLLEGE CAMPUS,City: Large,No,www.rcc.edu/riverside/,1916,Tigers,en.wikipedia.org/wiki/Riverside_City_College
632,111896,CERRO COSO COMMUNITY COLLEGE,3000 COLLEGE HEIGHTS BLVD,RIDGECREST,CA,93555,9571,(760) 384-6100,1,A,5425,KERN,6029,USA,35.5672767200001,-117.670924495,611210,JUNIOR COLLEGES,https://nces.ed.gov/collegenavigator/?id=111896,10/13/2009 12:00:00 AM,IMAGERY/OTHER,7/7/2016 12:00:00 AM,cerrocoso.edu/,6,29,4,3,40,1,41,-2,-2,NOT AVAILABLE,6,3,4254,905,5159,2,-999,266,NOT AVAILABLE,-13099067.3959571,4241241.51750434,111896B;111896C;111896E;111896D;111896A;111896G;111896F,382.7,KERN COMMUNITY COLLEGE DISTRICT--KERN COUNTY,"EDWARDS CAMPUS;LAKE ISABELLA KERN RIVER VALLEY CAMPUS;NON-CAMPUS LAND;EASTERN SIERRA COLLEGE CENTER, MAMMOTH LAKES CAMPUS;RIDGECREST/INDIAN WELLS VALLEY CAMPUS;TEHACHAPI CAMPUS;EASTERN SIERRA COLLEGE CENTER, BISHOP CAMPUS",nan;Rural: Fringe,nan;No,cerrocoso.edu/,1973,Coyotes,en.wikipedia.org/wiki/Cerro_Coso_Community_College
633,118718,MERCED COLLEGE,3600 M ST,MERCED,CA,95348,2898,(209) 384-6000,1,A,11476,MERCED,6047,USA,37.3353000770001,-120.476463759,611210,JUNIOR COLLEGES,https://nces.ed.gov/collegenavigator/?id=118718,10/13/2009 12:00:00 AM,IMAGERY/OTHER,7/7/2016 12:00:00 AM,www.mccd.edu/,6,47,4,1,40,1,13,-2,-2,MERCED COMMUNITY COLLEGE DISTRICT,4,4,6312,4333,10645,2,-999,831,10814034,-13411378.5982262,4485946.91699537,118718A;118718B;118718C,179.9,MERCED COMMUNITY COLLEGE DISTRICT,MERCED COLLEGE CAMPUS;LOS BANOS CAMPUS;BUSINESS RESOURCE CENTER,City: Small;nan,No;nan,www.mccd.edu/,1962,Blue Devils,en.wikipedia.org/wiki/Merced_College
634,126119,YUBA COLLEGE,2088 N BEALE RD,MARYSVILLE,CA,95901,NOT AVAILABLE,(530) 741-6700,1,A,5477,YUBA,6115,USA,39.1265361760001,-121.539640233,611210,JUNIOR COLLEGES,https://nces.ed.gov/collegenavigator/?id=126119,10/13/2009 12:00:00 AM,IMAGERY/OTHER,7/7/2016 12:00:00 AM,https://yc.yccd.edu/,6,115,4,3,40,1,22,-2,-2,NOT AVAILABLE,1,3,3336,1839,5175,2,-999,302,NOT AVAILABLE,-13529730.8619352,4739813.03563051,126119A;126119B;126119C,170.0,YUBA COMMUNITY COLLEGE DISTRICT,YUBA COLLEGE CAMPUS;SUTTER COUNTY CENTER;BEALE AFB OUTREACH CENTER,Suburb: Midsize;nan,No;nan,https://yc.yccd.edu/,1927,Forty-Niners,en.wikipedia.org/wiki/Yuba_College
958,123563,SOLANO COMMUNITY COLLEGE,4000 SUISUN VALLEY RD,FAIRFIELD,CA,94534,3197,(707) 864-7000,1,A,9772,SOLANO,6095,USA,38.234846777,-122.123432375,611210,JUNIOR COLLEGES,https://nces.ed.gov/collegenavigator/?id=123563,12/10/2009 12:00:00 AM,IMAGERY/OTHER,7/7/2016 12:00:00 AM,www.solano.edu/,6,95,1,2,30,1,22,-2,-2,SOLANO COLLEGE,2,3,6597,2654,9251,2,-999,521,NOT AVAILABLE,-13594718.3059118,4612655.11391195,123563A;123563B;123563C;123563E;123563D,255.6,SOLANO COMMUNITY COLLEGE DISTRICT,FAIRFIELD CAMPUS;VACAVILLE CENTER;VALLEJO CENTER;NON-CAMPUS LAND;TRAVIS AIR FORCE BASE,Suburb: Midsize;nan,No;nan,www.solano.edu/,1945,Falcons,en.wikipedia.org/wiki/Solano_Community_College
959,108807,ALLAN HANCOCK COLLEGE,800 SOUTH COLLEGE DRIVE,SANTA MARIA,CA,93454,6399,(805) 922-6966,1,A,11085,SANTA BARBARA,6083,USA,34.942988401,-120.421114304,611210,JUNIOR COLLEGES,https://nces.ed.gov/collegenavigator/?id=108807,12/10/2009 12:00:00 AM,IMAGERY/OTHER,7/7/2016 12:00:00 AM,www.hancockcollege.edu/,6,83,4,1,40,1,12,-2,-2,NOT AVAILABLE,2,4,7310,2938,10248,2,-999,837,10818712,-13405217.1250799,4156136.19198463,108807A;108807B;108807C;108807D,283.3,ALLAN HANCOCK COMMUNITY COLLEGE DISTRICT,SANTA MARIA CAMPUS;LOMPOC VALLEY CENTER;AHC VANDENBERG AFB CENTER;SANTA YNEZ VALLEY CENTER,City: Midsize;nan,No;nan,www.hancockcollege.edu/,1920,Bulldogs,en.wikipedia.org/wiki/Allan_Hancock_College
960,125499,WEST VALLEY COLLEGE,14000 FRUITVALE AVE,SARATOGA,CA,95070,5698,(408) 867-2200,1,A,8023,SANTA CLARA,6085,USA,37.261847824,-122.01008619,611210,JUNIOR COLLEGES,https://nces.ed.gov/collegenavigator/?id=125499,12/10/2009 12:00:00 AM,IMAGERY/OTHER,7/27/2016 12:00:00 AM,www.westvalley.edu/,6,85,4,2,40,1,21,-2,-2,NOT AVAILABLE,3,3,5133,2380,7513,2,-999,510,10818849,-13582100.6663142,4475668.11603018,125499A;125499B,135.9,WEST VALLEY-MISSION COMMUNITY COLLEGE DISTRICT,WEST VALLEY COLLEGE CAMPUS;SAN JOSE/CAMPBELL CENTER,Suburb: Large;nan,No;nan,www.westvalley.edu/,1963,Vikings,en.wikipedia.org/wiki/West_Valley_College
961,120421,OXNARD COLLEGE,4000 S ROSE AVE,OXNARD,CA,93033,6699,(805) 986-5800,1,A,7342,VENTURA,6111,USA,34.1647415050001,-119.157331203,611210,JUNIOR COLLEGES,https://nces.ed.gov/collegenavigator/?id=120421,12/10/2009 12:00:00 AM,IMAGERY/OTHER,7/27/2016 12:00:00 AM,www.oxnardcollege.edu/,6,111,4,1,40,1,12,-2,-2,NOT AVAILABLE,4,3,5156,1838,6994,2,-999,348,10820948,-13264533.4338034,4050944.29411096,120421A,112.6,VENTURA COUNTY COMMUNITY COLLEGE DISTRICT,OXNARD COLLEGE CAMPUS,City: Midsize,No,www.oxnardcollege.edu/,1975,Condors,en.wikipedia.org/wiki/Oxnard_College
1094,123299,SHASTA COLLEGE,11555 OLD OREGON TRAIL,REDDING,CA,96003,NOT AVAILABLE,(530) 242-7500,1,A,8774,SHASTA,6089,USA,40.6257305730001,-122.317981919,611210,JUNIOR COLLEGES,https://nces.ed.gov/collegenavigator/?id=123299,10/13/2009 12:00:00 AM,IMAGERY/OTHER,7/26/2016 12:00:00 AM,https://www.shastacollege.edu/,6,89,1,3,30,1,22,-2,-2,NOT AVAILABLE,2,3,5126,2995,8121,1,120,653,NOT AVAILABLE,-13616375.4620839,4957292.76476808,123299A;123299B;123299C;123299D;123299E,370.6,SHASTA-TEHAMA-TRINITY JOINT COMMUNITY COLLEGE DISTRICT,MAIN REDDING CAMPUS;DOWNTOWN REDDING CAMPUS - HEALTH SCIENCE & UNIVERSITY CENTER;TEHAMA CAMPUS;TRINITY CAMPUS;INTERMOUNTAIN CAMPUS,Suburb: Midsize;nan,Yes;nan,https://www.shastacollege.edu/,1950,Knights,en.wikipedia.org/wiki/Shasta_College
1102,110246,BUTTE COLLEGE,3536 BUTTE CAMPUS DRIVE,OROVILLE,CA,95965,8399,(530) 895-2511,1,A,10345,BUTTE,6007,USA,39.649790555,-121.644814095,611210,JUNIOR COLLEGES,https://nces.ed.gov/collegenavigator/?id=110246,12/10/2009 12:00:00 AM,IMAGERY/OTHER,7/26/2016 12:00:00 AM,www.butte.edu/,6,7,4,2,40,1,42,-2,-2,NOT AVAILABLE,4,3,5402,3933,9335,2,-999,1010,NOT AVAILABLE,-13541438.7626978,4815180.54499418,110246A;110246B;110246C;110246D,406.5,BUTTE-GLENN COMMUNITY COLLEGE DISTRICT,BUTTE CAMPUS;CHICO CENTER;SKYWAY CENTER;GLENN COUNTY CENTER,Rural: Distant;nan,No;nan,www.butte.edu/,1967,Roadrunners,en.wikipedia.org/wiki/Butte_College
1359,121619,SANTA ANA COLLEGE,1530 W. 17TH STREET,SANTA ANA,CA,92706,3398,(714) 564-6000,1,A,21321,ORANGE,6059,USA,33.759202741,-117.888384196,611210,JUNIOR COLLEGES,https://nces.ed.gov/collegenavigator/?id=121619,10/13/2009 12:00:00 AM,IMAGERY,7/18/2016 12:00:00 AM,www.sac.edu/,6,59,1,1,30,1,11,-2,-2,SAC,2,5,15921,4197,20118,2,-999,1203,NOT AVAILABLE,-13123274.8991405,3996514.48460346,121619A;121619B;121619C,84.3,RANCHO SANTIAGO COMMUNITY COLLEGE DISTRICT,SANTA ANA COLLEGE CAMPUS;SCHOOL OF CONTINUING EDUCATION;REMINGTON EDUCATION CENTER,City: Large;nan,No;nan,www.sac.edu/,1915,Dons,en.wikipedia.org/wiki/Santa_Ana_College
2131,120290,OHLONE COLLEGE,43600 MISSION BLVD,FREMONT,CA,94539,0390,(510) 659-6000,1,A,9668,ALAMEDA,6001,USA,37.527730166,-121.916339455,611210,JUNIOR COLLEGES,https://nces.ed.gov/collegenavigator/?id=120290,12/10/2009 12:00:00 AM,IMAGERY/OTHER,7/7/2016 12:00:00 AM,www.ohlone.edu/,6,1,4,3,40,1,21,-2,-2,NOT AVAILABLE,2,3,5751,3309,9060,2,-999,608,NOT AVAILABLE,-13571664.8275105,4512923.07823328,120290A;120290C;120290B,600.5,OHLONE COMMUNITY COLLEGE DISTRICT,FREMONT CAMPUS;NON-CAMPUS LAND;NEWARK CAMPUS,Suburb: Large;nan,No;nan,www.ohlone.edu/,1965,Renegades,en.wikipedia.org/wiki/Ohlone_College
2132,117195,LAKE TAHOE COMMUNITY COLLEGE,ONE COLLEGE DRIVE,SOUTH LAKE TAHOE,CA,96150,NOT AVAILABLE,(530) 541-4660,1,A,2595,EL DORADO,6017,USA,38.927378119,-119.971945088,611210,JUNIOR COLLEGES,https://nces.ed.gov/collegenavigator/?id=117195,12/10/2009 12:00:00 AM,IMAGERY/OTHER,7/26/2016 12:00:00 AM,www.ltcc.edu/,6,17,4,3,40,1,41,-2,-2,LTCC,3,2,1696,636,2332,1,30,263,NOT AVAILABLE,-13355215.8366747,4711274.44332777,117195B;117195A,145.9,LAKE TAHOE COMMUNITY COLLEGE DISTRICT,NON-CAMPUS LAND;LAKE TAHOE COMMUNITY COLLEGE CAMPUS,nan;Rural: Fringe,nan;No,www.ltcc.edu/,1975,Coyotes,en.wikipedia.org/wiki/Lake_Tahoe_Community_College
2133,114789,FRESNO CITY COLLEGE,1101 E. UNIVERSITY AVE,FRESNO,CA,93741,NOT AVAILABLE,(559) 442-4600,1,A,23680,FRESNO,6019,USA,36.7681640070001,-119.79609608,611210,JUNIOR COLLEGES,https://nces.ed.gov/collegenavigator/?id=114789,12/10/2009 12:00:00 AM,IMAGERY/OTHER,7/26/2016 12:00:00 AM,www.fresnocitycollege.edu/,6,19,4,3,40,1,11,-2,-2,NOT AVAILABLE,4,5,16266,6012,22278,2,-999,1402,NOT AVAILABLE,-13335640.4146477,4406840.91771568,114789A,97.3,STATE CENTER COMMUNITY COLLEGE DISTRICT,FRESNO CITY COLLEGE CAMPUS,City: Large,No,www.fresnocitycollege.edu/,1910,Rams,en.wikipedia.org/wiki/Fresno_City_College
2134,115393,HARTNELL COLLEGE,411 CENTRAL AVENUE,SALINAS,CA,93901,NOT AVAILABLE,(831) 755-6700,1,A,9212,MONTEREY,6053,USA,36.673950656,-121.665698945,611210,JUNIOR COLLEGES,https://nces.ed.gov/collegenavigator/?id=115393,12/10/2009 12:00:00 AM,IMAGERY/OTHER,7/7/2016 12:00:00 AM,www.hartnell.edu/,6,53,4,3,40,1,12,-2,-2,NOT AVAILABLE,1,3,5260,3413,8673,2,-999,539,10810268,-13543763.6535651,4393756.63490044,115393A;115393B;115393C,189.4,HARTNELL COMMUNITY COLLEGE DISTRICT,HARTNELL COLLEGE CAMPUS;ALISAL CAMPUS;KING CITY EDUCATION CENTER,City: Midsize;nan,No;nan,www.hartnell.edu/,1920,Panthers,en.wikipedia.org/wiki/Hartnell_College
2136,116439,IRVINE VALLEY COLLEGE,5500 IRVINE CENTER DRIVE,IRVINE,CA,92618,0301,(949) 451-5100,1,A,12968,ORANGE,6059,USA,33.6769285870001,-117.777522063,611210,JUNIOR COLLEGES,https://nces.ed.gov/collegenavigator/?id=116439,12/10/2009 12:00:00 AM,IMAGERY/OTHER,7/7/2016 12:00:00 AM,www.ivc.edu/,6,59,4,3,40,1,11,-2,-2,NOT AVAILABLE,1,4,7998,4201,12199,2,-999,769,NOT AVAILABLE,-13110933.7829467,3985503.48657892,116439A,102.9,SOUTH ORANGE COUNTY COMMUNITY COLLEGE DISTRICT,IRVINE VALLEY COLLEGE CAMPUS,City: Large,No,www.ivc.edu/,1979,Lasers,en.wikipedia.org/wiki/Irvine_Valley_College
2137,113096,COSUMNES RIVER COLLEGE,8401 CENTER PARKWAY,SACRAMENTO,CA,95823,5799,(916) 688-7344,1,A,15287,SACRAMENTO,6067,USA,38.453579604,-121.422586187,611210,JUNIOR COLLEGES,https://nces.ed.gov/collegenavigator/?id=113096,12/10/2009 12:00:00 AM,IMAGERY/OTHER,7/26/2016 12:00:00 AM,https://www.crc.losrios.edu/,6,67,4,3,40,1,11,-2,-2,COSUMNES RIVER | CRC,4,4,11553,3114,14667,2,-999,620,NOT AVAILABLE,-13516700.4651392,4643701.04811256,113096A;113096B,191.2,LOS RIOS COMMUNITY COLLEGE DISTRICT,COSUMNES RIVER COLLEGE CAMPUS;ELK GROVE CENTER,City: Large;nan,No;nan,https://www.crc.losrios.edu/,1970,Hawks,en.wikipedia.org/wiki/Cosumnes_River_College
2138,118912,MIRACOSTA COLLEGE,ONE BARNARD DRIVE,OCEANSIDE,CA,92056,3899,(760) 757-2121,1,A,13753,SAN DIEGO,6073,USA,33.190873853,-117.302032657,611210,JUNIOR COLLEGES,https://nces.ed.gov/collegenavigator/?id=118912,12/10/2009 12:00:00 AM,IMAGERY/OTHER,7/7/2016 12:00:00 AM,www.miracosta.edu/,6,73,1,1,30,1,21,-2,-2,NOT AVAILABLE,1,4,7971,4674,12645,2,-999,1108,10820593,-13058002.5443932,3920666.76699862,118912A;118912B;118912D;118912C,175.6,MIRACOSTA COMMUNITY COLLEGE DISTRICT,OCEANSIDE CAMPUS;SAN ELIJO CAMPUS;TECHNOLOGY CAREER INSTITUTE;COMMUNITY LEARNING CENTER,,,www.miracosta.edu/,1934,Spartans,en.wikipedia.org/wiki/MiraCosta_College
2139,120971,PALOMAR COLLEGE,1140 W. MISSION,SAN MARCOS,CA,92069,1487,(760) 744-1150,1,A,22506,SAN DIEGO,6073,USA,33.1501895750001,-117.181718,611210,JUNIOR COLLEGES,https://nces.ed.gov/collegenavigator/?id=120971,12/10/2009 12:00:00 AM,IMAGERY/OTHER,7/26/2016 12:00:00 AM,www2.palomar.edu/,6,73,4,1,40,1,21,-2,-2,NOT AVAILABLE,1,5,14140,7001,21141,2,-999,1365,NOT AVAILABLE,-13044609.178041,3915256.12739816,120971A;120971B;120971C;120971D;120971E;120971F;120971G;120971H,335.7,PALOMAR COMMUNITY COLLEGE DISTRICT,PALOMAR COLLEGE CAMPUS;ESCONDIDO EDUCATION CENTER;NORTH EDUCATION CENTER;SOUTH EDUCATION CENTER;CAMP PENDLETON EDUCATION SITE;FALLBROOK HIGH SCHOOL EDUCATION SITE;PUBLIC SAFETY TRAINING CENTER;PAUMA EDUCATION SITE,Suburb: Large;nan,No;nan,www2.palomar.edu/,1946,Comets,en.wikipedia.org/wiki/Palomar_College
2179,117894,LOS MEDANOS COLLEGE,2700 EAST LELAND ROAD,PITTSBURG,CA,94565,NOT AVAILABLE,(925) 439-2181,1,A,8995,CONTRA COSTA,6013,USA,38.0064738,-121.860967335,611210,JUNIOR COLLEGES,https://nces.ed.gov/collegenavigator/?id=117894,12/10/2009 12:00:00 AM,IMAGERY/OTHER,7/7/2016 12:00:00 AM,https://www.losmedanos.edu/,6,13,4,3,40,1,21,-2,-2,"LOS MEDANOS, LMC",4,3,5627,2894,8521,2,-999,474,10813220,-13565500.8313079,4580340.38405886,117894A;117894B,111.5,CONTRA COSTA COMMUNITY COLLEGE DISTRICT,PITTSBURG CAMPUS;BRENTWOOD CENTER,Suburb: Large;nan,No;nan,https://www.losmedanos.edu/,1974,Mustang,en.wikipedia.org/wiki/Los_Medanos_College
2248,366401,LAS POSITAS COLLEGE,3000 CAMPUS HILL DRIVE,LIVERMORE,CA,94551,7650,(925) 424-1000,1,A,8488,ALAMEDA,6001,USA,37.7111506140001,-121.801136103,611210,JUNIOR COLLEGES,https://nces.ed.gov/collegenavigator/?id=366401,10/13/2009 12:00:00 AM,IMAGERY/OTHER,7/12/2016 12:00:00 AM,www.laspositascollege.edu/,6,1,4,3,40,1,13,-2,-2,NOT AVAILABLE,1,3,5487,2518,8005,2,-999,483,NOT AVAILABLE,-13558840.4490282,4538701.05967145,366401A;366401B,371.3,CHABOT-LAS POSITAS COMMUNITY COLLEGE DISTRICT,LAS POSITAS COLLEGE CAMPUS;NON-CAMPUS LAND,Suburb: Small;nan,No;nan,www.laspositascollege.edu/,1964,Hawks,en.wikipedia.org/wiki/Las_Positas_College
2274,448594,WEST HILLS COLLEGE-LEMOORE,555 COLLEGE AVENUE,LEMOORE,CA,93245,NOT AVAILABLE,(559) 925-3000,1,A,4177,KINGS,6031,USA,36.2924310000001,-119.823866,611210,JUNIOR COLLEGES,https://nces.ed.gov/collegenavigator/?id=448594,12/31/2009 12:00:00 AM,IMAGERY,7/14/2016 12:00:00 AM,https://www.westhillscollege.com/lemoore/,6,31,4,2,40,1,41,-2,-2,NOT AVAILABLE,1,2,2741,1191,3932,2,-999,245,NOT AVAILABLE,-13338731.7480014,4340934.3922773,448594A,87.4,WEST HILLS COMMUNITY COLLEGE DISTRICT,WEST HILLS COLLEGE LEMOORE CAMPUS,Rural: Fringe,No,https://www.westhillscollege.com/lemoore/,2002,Golden Eagles,en.wikipedia.org/wiki/West_Hills_College_Lemoore
2303,112826,CONTRA COSTA COLLEGE,2600 MISSION BELL DR,SAN PABLO,CA,94806,3195,(510) 235-7800,1,A,6645,CONTRA COSTA,6013,USA,37.9710024610001,-122.338995268,611210,JUNIOR COLLEGES,https://nces.ed.gov/collegenavigator/?id=112826,10/13/2009 12:00:00 AM,IMAGERY/OTHER,7/15/2016 12:00:00 AM,https://www.contracosta.edu/,6,13,4,3,40,1,21,-2,-2,CCC,3,3,4840,1409,6249,2,-999,396,NOT AVAILABLE,-13618714.6573945,4575330.24263094,112826A,87.9,CONTRA COSTA COMMUNITY COLLEGE DISTRICT,CONTRA COSTA COLLEGE CAMPUS,Suburb: Large,No,https://www.contracosta.edu/,1946,Comets,en.wikipedia.org/wiki/Contra_Costa_College
2305,113856,EAST LOS ANGELES COLLEGE,1301 AVENIDA CESAR CHAVEZ,MONTEREY PARK,CA,91754,6099,(323) 265-8650,1,A,34752,LOS ANGELES,6037,USA,34.040247204,-118.148112741,611210,JUNIOR COLLEGES,https://nces.ed.gov/collegenavigator/?id=113856,10/13/2009 12:00:00 AM,IMAGERY/OTHER,7/15/2016 12:00:00 AM,www.elac.edu/,6,37,4,3,40,1,21,-2,-2,NOT AVAILABLE,1,5,27428,5969,33397,2,-999,1355,NOT AVAILABLE,-13152187.7485144,4034207.52342856,113856A;113856B,79.8,LOS ANGELES COMMUNITY COLLEGE DISTRICT,EAST LOS ANGELES COLLEGE CAMPUS;SOUTH GATE EDUCATIONAL CENTER,City: Small;nan,No;nan,www.elac.edu/,1945,Huskies,en.wikipedia.org/wiki/East_Los_Angeles_College
2306,113980,EL CAMINO COMMUNITY COLLEGE DISTRICT,16007 CRENSHAW BLVD,TORRANCE,CA,90506,NOT AVAILABLE,(310) 532-3670,1,A,21680,LOS ANGELES,6037,USA,33.886128517,-118.327665204,611210,JUNIOR COLLEGES,https://nces.ed.gov/collegenavigator/?id=113980,10/13/2009 12:00:00 AM,IMAGERY/OTHER,7/15/2016 12:00:00 AM,www.elcamino.edu/,6,37,4,1,40,1,21,-2,-2,ECC,1,5,12915,7503,20418,2,-999,1262,NOT AVAILABLE,-13172175.4372662,4013522.09743245,113980A,114.2,EL CAMINO COMMUNITY COLLEGE DISTRICT,EL CAMINO COLLEGE CAMPUS,Suburb: Large,No,www.elcamino.edu/,1947,Warriors,en.wikipedia.org/wiki/El_Camino_College
2311,125028,VENTURA COLLEGE,4667 TELEGRAPH RD,VENTURA,CA,93003,3872,(805) 654-6400,1,A,12365,VENTURA,6111,USA,34.2770346290001,-119.230658657,611210,JUNIOR COLLEGES,https://nces.ed.gov/collegenavigator/?id=125028,10/13/2009 12:00:00 AM,IMAGERY,7/25/2016 12:00:00 AM,www.venturacollege.edu/,6,111,4,2,40,1,12,-2,-2,NOT AVAILABLE,1,4,8406,3383,11789,2,-999,576,NOT AVAILABLE,-13272696.2086439,4066061.94565159,125028A,99.9,VENTURA COUNTY COMMUNITY COLLEGE DISTRICT,VENTURA COLLEGE CAMPUS,City: Midsize,No,www.venturacollege.edu/,1925,Pirates,en.wikipedia.org/wiki/Ventura_College
2312,125091,VICTOR VALLEY COLLEGE,18422 BEAR VALLEY RD,VICTORVILLE,CA,92395,5850,(760) 245-4271 EXT 2395,1,A,11577,SAN BERNARDINO,6071,USA,34.4722314520001,-117.261456314,611210,JUNIOR COLLEGES,https://nces.ed.gov/collegenavigator/?id=125091,10/13/2009 12:00:00 AM,IMAGERY,7/25/2016 12:00:00 AM,www.vvc.edu/,6,71,4,1,40,1,21,-2,-2,NOT AVAILABLE,1,4,7638,3139,10777,2,-999,800,NOT AVAILABLE,-13053485.6065522,4092388.80646995,125091A,233.7,VICTOR VALLEY COMMUNITY COLLEGE DISTRICT,VICTOR VALLEY COLLEGE CAMPUS,City: Midsize,No,www.vvc.edu/,1961,Rams,en.wikipedia.org/wiki/Victor_Valley_College
2321,115861,IMPERIAL VALLEY COLLEGE,380 E. ATEN ROAD,IMPERIAL,CA,92251,0158,(760) 352-8320,1,A,7590,IMPERIAL,6025,USA,32.8275633000001,-115.503902839,611210,JUNIOR COLLEGES,https://nces.ed.gov/collegenavigator/?id=115861,10/13/2009 12:00:00 AM,IMAGERY/OTHER,7/25/2016 12:00:00 AM,www.imperial.edu/,6,25,4,3,40,1,41,-2,-2,IVC,1,3,3733,3390,7123,2,-999,467,NOT AVAILABLE,-12857835.6486732,3872438.17877839,115861A,156.7,IMPERIAL COMMUNITY COLLEGE DISTRICT,IMPERIAL VALLEY CAMPUS,Rural: Fringe,No,www.imperial.edu/,1962,Desert Valley Warriors[4],en.wikipedia.org/wiki/Imperial_Valley_College
2327,119164,MT SAN ANTONIO COLLEGE,1100 N GRAND AVE,WALNUT,CA,91789,1399,(909) 274-7500,1,A,30125,LOS ANGELES,6037,USA,34.046193927,-117.845557974,611210,JUNIOR COLLEGES,https://nces.ed.gov/collegenavigator/?id=119164,10/13/2009 12:00:00 AM,IMAGERY/OTHER,7/26/2016 12:00:00 AM,www.mtsac.edu/,6,37,4,1,40,1,21,-2,-2,MT. SAC,4,5,18515,9878,28393,2,-999,1732,NOT AVAILABLE,-13118507.5059149,4035006.42975513,119164A,418.4,MT. SAN ANTONIO COMMUNITY COLLEGE DISTRICT,MT. SAN ANTONIO COLLEGE CAMPUS,Suburb: Large,No,www.mtsac.edu/,1946,Mounties,en.wikipedia.org/wiki/Mt._San_Antonio_College
2331,118684,MENDOCINO COLLEGE,1000 HENSLEY CREEK ROAD,UKIAH,CA,95482,NOT AVAILABLE,(707) 468-3000,1,A,3654,MENDOCINO,6045,USA,39.18970274,-123.228339602,611210,JUNIOR COLLEGES,https://nces.ed.gov/collegenavigator/?id=118684,10/13/2009 12:00:00 AM,IMAGERY/OTHER,7/26/2016 12:00:00 AM,www.mendocino.edu/,6,45,4,1,40,1,41,-2,-2,NOT AVAILABLE,3,2,2539,799,3338,2,-999,316,NOT AVAILABLE,-13717716.0157952,4748881.40518108,118684A;118684F;118684B;118684C;118684D;118684E,890.7,MENDOCINO-LAKE COMMUNITY COLLEGE DISTRICT,UKIAH CAMPUS;NON-CAMPUS LAND;LAKE CENTER;NORTH COUNTY CENTER;WILLITS CENTER;COASTAL FIELD STATION,Rural: Fringe;nan,No;nan,www.mendocino.edu/,1973,Eagles,en.wikipedia.org/wiki/Mendocino_College
2336,118930,MISSION COLLEGE,3000 MISSION COLLEGE BLVD,SANTA CLARA,CA,95054,1897,(408) 855-5007,1,A,6946,SANTA CLARA,6085,USA,37.3926886190001,-121.982135815,611210,JUNIOR COLLEGES,https://nces.ed.gov/collegenavigator/?id=118930,10/13/2009 12:00:00 AM,IMAGERY/OTHER,7/26/2016 12:00:00 AM,www.missioncollege.edu/,6,85,4,1,40,1,12,-2,-2,NOT AVAILABLE,3,3,4939,1565,6504,2,-999,442,NOT AVAILABLE,-13578989.2448017,4493984.78162116,118930A,112.0,WEST VALLEY-MISSION COMMUNITY COLLEGE DISTRICT,MISSION COLLEGE CAMPUS,City: Midsize,No,www.missioncollege.edu/,1975,Saints,en.wikipedia.org/wiki/Mission_College_(California)
2433,120342,ORANGE COAST COLLEGE,2701 FAIRVIEW ROAD,COSTA MESA,CA,92626,NOT AVAILABLE,(714) 432-5072,1,A,19219,ORANGE,6059,USA,33.6701706050001,-117.911400631,611210,JUNIOR COLLEGES,https://nces.ed.gov/collegenavigator/?id=120342,10/13/2009 12:00:00 AM,IMAGERY,7/18/2016 12:00:00 AM,www.orangecoastcollege.edu/,6,59,4,3,40,1,12,-2,-2,NOT AVAILABLE,1,4,11637,6488,18125,1,800,1094,NOT AVAILABLE,-13125837.0769646,3984599.51407537,120342A,170.9,COAST COMMUNITY COLLEGE DISTRICT,ORANGE COAST COLLEGE CAMPUS,City: Midsize,No,www.orangecoastcollege.edu/,1947,Pirates,en.wikipedia.org/wiki/Orange_Coast_College
2435,120953,PALO VERDE COLLEGE,ONE COLLEGE DRIVE,BLYTHE,CA,92225,NOT AVAILABLE,(760) 921-5500,1,A,4035,RIVERSIDE,6065,USA,33.6615383000001,-114.651697784,611210,JUNIOR COLLEGES,https://nces.ed.gov/collegenavigator/?id=120953,10/13/2009 12:00:00 AM,IMAGERY,7/18/2016 12:00:00 AM,https://www.paloverde.edu/,6,65,4,1,40,1,42,-2,-2,NOT AVAILABLE,5,2,3282,572,3854,2,-999,181,NOT AVAILABLE,-12762968.6158992,3983444.92854284,120953A;120953B,197.9,PALO VERDE COMMUNITY COLLEGE DISTRICT,PALO VERDE COLLEGE CAMPUS;NEEDLES CENTER,Rural: Distant;nan,No;nan,https://www.paloverde.edu/,1947,Pirates,en.wikipedia.org/wiki/Palo_Verde_College
2437,122889,SANTA BARBARA CITY COLLEGE,721 CLIFF DRIVE,SANTA BARBARA,CA,93109,2394,(805) 965-0581,1,A,13444,SANTA BARBARA,6083,USA,34.4067883600001,-119.698045211,611210,JUNIOR COLLEGES,https://nces.ed.gov/collegenavigator/?id=122889,10/13/2009 12:00:00 AM,IMAGERY,7/22/2016 12:00:00 AM,www.sbcc.edu/,6,83,4,1,40,1,13,-2,-2,SBCC,1,4,7125,5400,12525,2,-999,919,NOT AVAILABLE,-13324725.4418388,4083555.43314997,122889A;122889B;122889C,55.4,SANTA BARBARA COMMUNITY COLLEGE DISTRICT,SANTA BARBARA CITY COLLEGE CAMPUS;WAKE CAMPUS;SCHOTT CAMPUS,City: Small;nan,No;nan,www.sbcc.edu/,1909,Vaqueros,en.wikipedia.org/wiki/Santa_Barbara_City_College
2438,122977,SANTA MONICA COLLEGE,1900 PICO BLVD,SANTA MONICA,CA,90405,1628,(310) 434-4000,1,A,27716,LOS ANGELES,6037,USA,34.0170207140001,-118.471205026,611210,JUNIOR COLLEGES,https://nces.ed.gov/collegenavigator/?id=122977,10/13/2009 12:00:00 AM,IMAGERY/OTHER,7/22/2016 12:00:00 AM,www.smc.edu/,6,37,1,1,30,1,13,-2,-2,SMC,1,5,15943,10005,25948,2,-999,1768,NOT AVAILABLE,-13188154.2171598,4031087.72121019,122977A;122977B;122977C;122977D;122977E;122977F,59.1,SANTA MONICA COMMUNITY COLLEGE DISTRICT,SANTA MONICA COLLEGE CAMPUS;PERFORMING ARTS CENTER;CENTER FOR MEDIA AND DESIGN;AIRPORT ARTS CAMPUS;EMERITUS CAMPUS;BUNDY CAMPUS,City: Small;nan,No;nan,www.smc.edu/,1929,Corsairs,en.wikipedia.org/wiki/Santa_Monica_College
2440,123800,SOUTHWESTERN COLLEGE,900 OTAY LAKES RD.,CHULA VISTA,CA,91910,7299,(619) 421-6700,1,A,18957,SAN DIEGO,6073,USA,32.6415666980001,-116.997214533,611210,JUNIOR COLLEGES,https://nces.ed.gov/collegenavigator/?id=123800,10/13/2009 12:00:00 AM,IMAGERY,7/22/2016 12:00:00 AM,https://www.swccd.edu/,6,73,4,2,40,1,11,-2,-2,SOUTHWESTERN COMMUNITY COLLEGE DISTRICT,1,4,11218,6403,17621,2,-999,1336,NOT AVAILABLE,-13024070.3460449,3847824.00875703,123800A,147.6,SOUTHWESTERN COMMUNITY COLLEGE DISTRICT,SOUTHWESTERN COLLEGE CAMPUS,Suburb: Large,No,https://www.swccd.edu/,1961,Jaguars,en.wikipedia.org/wiki/Southwestern_College_(California)
2443,125462,WEST HILLS COLLEGE-COALINGA,300 CHERRY LANE,COALINGA,CA,93210,NOT AVAILABLE,(559) 934-2000,1,A,4409,FRESNO,6019,USA,36.1478911140001,-120.356746683,611210,JUNIOR COLLEGES,https://nces.ed.gov/collegenavigator/?id=125462,10/13/2009 12:00:00 AM,IMAGERY,7/25/2016 12:00:00 AM,https://www.westhillscollege.com/coalinga/,6,19,4,2,40,1,32,-2,-2,NOT AVAILABLE,5,2,3756,473,4229,1,167,180,NOT AVAILABLE,-13398051.7542866,4320990.08901834,125462B;125462A,36.2,WEST HILLS COMMUNITY COLLEGE DISTRICT,"NORTH DISTRICT CENTER, FIREBAUGH;WEST HILLS COLLEGE COALINGA CAMPUS",nan;Town: Distant,nan;Yes,https://www.westhillscollege.com/coalinga/,1932,Falcons,en.wikipedia.org/wiki/West_Hills_College_Coalinga
2463,109819,BAKERSFIELD COLLEGE,1801 PANORAMA DR,BAKERSFIELD,CA,93305,1299,(661) 395-4011,1,A,25966,KERN,6029,USA,35.4089249850001,-118.971682519,611210,JUNIOR COLLEGES,https://nces.ed.gov/collegenavigator/?id=109819,10/13/2009 12:00:00 AM,IMAGERY/OTHER,7/25/2016 12:00:00 AM,www.bakersfieldcollege.edu/,6,29,1,1,30,1,11,-2,-2,NOT AVAILABLE,4,5,17515,7388,24903,2,-999,1063,NOT AVAILABLE,-13243867.1168341,4219592.21234138,109819A;109819B;109819C;109819D,166.3,KERN COMMUNITY COLLEGE DISTRICT--KERN COUNTY,PANORAMA CAMPUS;BC SOUTHWEST LOCATION;DELANO CENTER;WEILL INSTITUTE (DOWNTOWN),City: Large;nan,No;nan,www.bakersfieldcollege.edu/,1913,Renegades,en.wikipedia.org/wiki/Bakersfield_College
2466,112686,COMPTON COLLEGE,1111 EAST ARTESIA BLVD.,COMPTON,CA,90221,5393,(310) 900-1600,1,A,5054,LOS ANGELES,6037,USA,33.8766651240001,-118.209185849,611210,JUNIOR COLLEGES,https://nces.ed.gov/collegenavigator/?id=112686,10/13/2009 12:00:00 AM,IMAGERY/OTHER,7/25/2016 12:00:00 AM,www.compton.edu/,6,37,4,1,40,1,21,-2,-2,NOT AVAILABLE,3,2,3747,865,4612,2,-999,442,NOT AVAILABLE,-13158986.3757981,4012253.16398123,112686A,72.6,COMPTON COMMUNITY COLLEGE DISTRICT,COMPTON COLLEGE CAMPUS,Suburb: Large,No,www.compton.edu/,1927,Tartars,en.wikipedia.org/wiki/Compton_College
2467,111887,CERRITOS COLLEGE,11110 ALONDRA BLVD,NORWALK,CA,90650,6298,(562) 860-2451,1,A,21584,LOS ANGELES,6037,USA,33.885839859,-118.097262892,611210,JUNIOR COLLEGES,https://nces.ed.gov/collegenavigator/?id=111887,10/13/2009 12:00:00 AM,IMAGERY/OTHER,7/25/2016 12:00:00 AM,www.cerritos.edu/,6,37,4,3,40,1,21,-2,-2,NOT AVAILABLE,4,5,12166,8240,20406,2,-999,1178,NOT AVAILABLE,-13146527.1692168,4013483.3895941,111887A,127.4,CERRITOS COMMUNITY COLLEGE DISTRICT,CERRITOS COLLEGE CAMPUS,Suburb: Large,No,www.cerritos.edu/,1955,Falcons,en.wikipedia.org/wiki/Cerritos_College
2470,117724,LOS ANGELES TRADE TECHNICAL COLLEGE,400 W WASHINGTON BLVD,LOS ANGELES,CA,90015,4181,(213) 763-7000,1,A,12014,LOS ANGELES,6037,USA,34.0326232730001,-118.269113493,611210,JUNIOR COLLEGES,https://nces.ed.gov/collegenavigator/?id=117724,10/13/2009 12:00:00 AM,IMAGERY/OTHER,7/26/2016 12:00:00 AM,www.lattc.edu/,6,37,4,1,40,1,11,-2,-2,NOT AVAILABLE,8,4,9163,2122,11285,2,-999,729,NOT AVAILABLE,-13165657.4906126,4033183.37626865,117724A,31.8,LOS ANGELES COMMUNITY COLLEGE DISTRICT,LOS ANGELES TRADE TECHNICAL COLLEGE CAMPUS,City: Large,No,www.lattc.edu/,1925,Beavers,en.wikipedia.org/wiki/Los_Angeles_Trade_Technical_College
2531,108667,COLLEGE OF ALAMEDA,555 RALPH APPEZZATO MEMORIAL PKY,ALAMEDA,CA,94501,NOT AVAILABLE,(510) 522-7221,1,A,5329,ALAMEDA,6001,USA,37.781569114,-122.279189116,611210,JUNIOR COLLEGES,https://nces.ed.gov/collegenavigator/?id=108667,12/10/2009 12:00:00 AM,IMAGERY/OTHER,7/26/2016 12:00:00 AM,alameda.peralta.edu/,6,1,4,1,40,1,21,-2,-2,NOT AVAILABLE,3,3,4469,638,5107,2,-999,222,NOT AVAILABLE,-13612057.0670075,4548614.64311617,108667A,61.2,PERALTA COMMUNITY COLLEGE DISTRICT,COLLEGE OF ALAMEDA CAMPUS,Suburb: Large,No,alameda.peralta.edu/,1968,Cougars,en.wikipedia.org/wiki/College_of_Alameda
2532,111920,CHABOT COLLEGE,25555 HESPERIAN BLVD,HAYWARD,CA,94545,NOT AVAILABLE,(510) 723-6600,1,A,12626,ALAMEDA,6001,USA,37.642512771,-122.106969,611210,JUNIOR COLLEGES,https://nces.ed.gov/collegenavigator/?id=111920,12/10/2009 12:00:00 AM,IMAGERY/OTHER,7/26/2016 12:00:00 AM,www.chabotcollege.edu/,6,1,4,2,40,1,21,-2,-2,NOT AVAILABLE,1,4,8535,3387,11922,2,-999,704,NOT AVAILABLE,-13592885.61139,4529047.22122012,111920A,88.7,CHABOT-LAS POSITAS COMMUNITY COLLEGE DISTRICT,CHABOT COLLEGE CAMPUS,,No,www.chabotcollege.edu/,1961,Gladiators,en.wikipedia.org/wiki/Chabot_College
2534,124113,TAFT COLLEGE,29 COUGAR COURT,TAFT,CA,93268,NOT AVAILABLE,(661) 763-7700,1,A,3865,KERN,6029,USA,35.1492433670001,-119.459661485,611210,JUNIOR COLLEGES,https://nces.ed.gov/collegenavigator/?id=124113,12/10/2009 12:00:00 AM,IMAGERY/OTHER,7/27/2016 12:00:00 AM,www.taftcollege.edu/,6,29,4,2,40,1,32,-2,-2,NOT AVAILABLE,3,2,2375,1191,3566,1,72,299,NOT AVAILABLE,-13298188.686847,4184181.26271493,124113A,40.6,TAFT COLLEGE--WEST KERN COMMUNITY COLLEGE DISTRICT,TAFT COLLEGE CAMPUS,Town: Distant,Yes,www.taftcollege.edu/,1922,Cougars,en.wikipedia.org/wiki/Taft_College
2535,399212,SANTIAGO CANYON COLLEGE,8045 E CHAPMAN,ORANGE,CA,92869,4512,(714) 628-4900,1,A,9673,ORANGE,6059,USA,33.79544894,-117.766761642,611210,JUNIOR COLLEGES,https://nces.ed.gov/collegenavigator/?id=399212,12/10/2009 12:00:00 AM,IMAGERY/OTHER,7/27/2016 12:00:00 AM,www.sccollege.edu/Pages/default.aspx,6,59,4,2,40,1,12,-2,-2,SCC,2,3,6239,2764,9003,2,-999,670,NOT AVAILABLE,-13109735.9383603,4001368.77532411,399212A,76.7,RANCHO SANTIAGO COMMUNITY COLLEGE DISTRICT,SANTIAGO CANYON COLLEGE CAMPUS,City: Midsize,No,www.sccollege.edu/Pages/default.aspx,1985,Hawks,en.wikipedia.org/wiki/Santiago_Canyon_College
2536,122375,SAN DIEGO MESA COLLEGE,7250 MESA COLLEGE DR,SAN DIEGO,CA,92111,4998,(619) 388-2600,1,A,21616,SAN DIEGO,6073,USA,32.8048046710001,-117.169022544,611210,JUNIOR COLLEGES,https://nces.ed.gov/collegenavigator/?id=122375,12/10/2009 12:00:00 AM,IMAGERY/OTHER,7/27/2016 12:00:00 AM,www.sdmesa.edu/,6,73,1,2,30,1,11,-2,-2,NOT AVAILABLE,1,5,16725,3968,20693,2,-999,923,NOT AVAILABLE,-13043195.9263437,3869423.61648239,122375A,97.4,SAN DIEGO COMMUNITY COLLEGE DISTRICT,SAN DIEGO MESA COLLEGE CAMPUS,City: Large,No,www.sdmesa.edu/,1963,Olympians,en.wikipedia.org/wiki/San_Diego_Mesa_College
2538,123509,SKYLINE COLLEGE,3300 COLLEGE DR,SAN BRUNO,CA,94066,1698,(650) 738-4100,1,A,9240,SAN MATEO,6081,USA,37.630120107,-122.466332085,611210,JUNIOR COLLEGES,https://nces.ed.gov/collegenavigator/?id=123509,12/10/2009 12:00:00 AM,IMAGERY/OTHER,7/27/2016 12:00:00 AM,skylinecollege.edu/,6,81,4,2,40,1,21,-2,-2,NOT AVAILABLE,6,3,7187,1560,8747,2,-999,493,10798198,-13632889.7270221,4527305.15749603,123509A,108.2,SAN MATEO COUNTY COMMUNITY COLLEGE DISTRICT,SKYLINE COLLEGE CAMPUS,Suburb: Large,No,skylinecollege.edu/,1969,Trojans,en.wikipedia.org/wiki/Skyline_College
2539,111434,CANADA COLLEGE,4200 FARM HILL BLVD.,REDWOOD CITY,CA,94061,1099,(650) 306-3100,1,A,5542,SAN MATEO,6081,USA,37.4480198040001,-122.264954135,611210,JUNIOR COLLEGES,https://nces.ed.gov/collegenavigator/?id=111434,12/10/2009 12:00:00 AM,IMAGERY/OTHER,7/27/2016 12:00:00 AM,canadacollege.edu/,6,81,4,2,40,1,21,-2,-2,NOT AVAILABLE,6,3,4639,592,5231,2,-999,311,10819985,-13610472.4361711,4501740.32072328,111434A,124.7,SAN MATEO COUNTY COMMUNITY COLLEGE DISTRICT,CANADA COLLEGE CAMPUS,Suburb: Large,No,canadacollege.edu/,1968,Colts,en.wikipedia.org/wiki/Canada_College
2541,113111,CRAFTON HILLS COLLEGE,11711 SAND CANYON ROAD,YUCAIPA,CA,92339,1799,(909) 794-2161,1,A,6540,SAN BERNARDINO,6071,USA,34.0387486820001,-117.100397697,611210,JUNIOR COLLEGES,https://nces.ed.gov/collegenavigator/?id=113111,12/10/2009 12:00:00 AM,IMAGERY/OTHER,7/27/2016 12:00:00 AM,www.craftonhills.edu/,6,71,4,1,40,1,41,-2,-2,CHC CRAFTON CRAFTON COLLEGE CRAFTON HILLS,4,3,4041,1971,6012,2,-999,528,10795970,-13035556.6433199,4034006.21488277,113111B;113111A,481.2,SAN BERNARDINO COMMUNITY COLLEGE DISTRICT,NON-CAMPUS LAND;CRAFTON HILLS COLLEGE CAMPUS,nan;Rural: Fringe,nan;No,www.craftonhills.edu/,1972,Roadrunner,en.wikipedia.org/wiki/Crafton_Hills_College
3394,460394,MORENO VALLEY COLLEGE,16130 LASSELLE ST,MORENO VALLEY,CA,92551,NOT AVAILABLE,(951) 571-6100,1,A,9754,RIVERSIDE,6065,USA,33.8870633830001,-117.202554247,611210,JUNIOR COLLEGES,https://nces.ed.gov/collegenavigator/?id=460394,6/25/2013 12:00:00 AM,IMAGERY/OTHER,5/26/2016 12:00:00 AM,www.mvc.edu/,6,65,4,1,40,1,21,-2,-2,NOT AVAILABLE,5,3,7326,1832,9158,2,-999,596,NOT AVAILABLE,-13046928.6584471,4013647.45997744,460394A;460394B,284.1,RIVERSIDE COMMUNITY COLLEGE DISTRICT,MORENO VALLEY COLLEGE CAMPUS;BEN CLARK TRAINING CENTER,Suburb: Large;nan,No;nan,www.mvc.edu/,2010,Lions[6][a],en.wikipedia.org/wiki/Moreno_Valley_College
3496,489201,CLOVIS COMMUNITY COLLEGE,10309 NORTH WILLOW AVENUE,FRESNO,CA,93730,NOT AVAILABLE,(559) 325-5200,1,A,9237,FRESNO,6019,USA,36.8868600000001,-119.731261,611210,JUNIOR COLLEGES,https://nces.ed.gov/collegenavigator/?id=489201,4/10/2018 12:00:00 AM,IMAGERY/OTHER,4/10/2018 12:00:00 AM,www.cloviscollege.edu/,6,19,4,3,40,1,11,-2,-2,NOT AVAILABLE,-2,3,6682,2186,8868,2,-999,369,NOT AVAILABLE,-13328423.0065565,4423348.24166918,489201A;489201B,111.8,STATE CENTER COMMUNITY COLLEGE DISTRICT,CLOVIS COMMUNITY COLLEGE CAMPUS;HERNDON CAMPUS,City: Large;nan,No;nan,www.cloviscollege.edu/,2007,Clovis Crush,en.wikipedia.org/wiki/Clovis_Community_College_(California)
3629,395362,COPPER MOUNTAIN COMMUNITY COLLEGE,6162 ROTARY WAY,JOSHUA TREE,CA,92252,NOT AVAILABLE,(760) 366-3791,1,A,1745,SAN BERNARDINO,6071,USA,34.1404638920001,-116.213939187,611210,JUNIOR COLLEGES,https://nces.ed.gov/collegenavigator/?id=395362,10/13/2009 12:00:00 AM,IMAGERY,7/12/2016 12:00:00 AM,www.cmccd.edu/,6,71,4,1,40,1,42,-2,-2,CMC,1,2,1102,437,1539,2,-999,206,NOT AVAILABLE,-12936876.5333773,4047678.525266,395362B;395362A;395362C,169.3,COPPER MOUNTAIN COLLEGE DISTRICT,NON-CAMPUS LAND;COPPER MOUNTAIN COLLEGE CAMPUS;MARINE CORPS AIR GROUND COMBAT CENTER,nan;Rural: Distant,nan;No,www.cmccd.edu/,1966,Fighting Cacti,en.wikipedia.org/wiki/Copper_Mountain_College
3835,113634,DIABLO VALLEY COLLEGE,321 GOLF CLUB RD,PLEASANT HILL,CA,94523,NOT AVAILABLE,(925) 685-1230,1,A,19715,CONTRA COSTA,6013,USA,37.9680353190001,-122.069861367,611210,JUNIOR COLLEGES,https://nces.ed.gov/collegenavigator/?id=113634,10/13/2009 12:00:00 AM,IMAGERY,7/7/2016 12:00:00 AM,https://www.dvc.edu/,6,13,4,1,40,1,21,-2,-2,"DIABLO VALLEY, DVC",2,4,11984,6709,18693,2,-999,1022,10813165,-13588754.8085799,4574911.25906699,113634A;113634B,110.0,CONTRA COSTA COMMUNITY COLLEGE DISTRICT,PLEASANT HILL CAMPUS;SAN RAMON CAMPUS,Suburb: Large;nan,No;nan,https://www.dvc.edu/,1949,Vikings,en.wikipedia.org/wiki/Diablo_Valley_College
3836,117052,REEDLEY COLLEGE,995 N REED AVE,REEDLEY,CA,93654,NOT AVAILABLE,(559) 638-0300,1,A,7365,FRESNO,6019,USA,36.6059679700001,-119.459929523,611210,JUNIOR COLLEGES,https://nces.ed.gov/collegenavigator/?id=117052,10/13/2009 12:00:00 AM,IMAGERY,7/7/2016 12:00:00 AM,www.reedleycollege.edu/,6,19,4,1,40,1,32,-2,-2,NOT AVAILABLE,4,3,4961,1835,6796,1,140,569,NOT AVAILABLE,-13298218.5247007,4384325.19776872,117052A;117052B;117052C,400.0,STATE CENTER COMMUNITY COLLEGE DISTRICT,REEDLY COLLEGE CAMPUS;MADERA CENTER;OAKHURST CENTER,Town: Distant;nan,Yes;nan,www.reedleycollege.edu/,1926,Tigers,en.wikipedia.org/wiki/Reedley_College
3837,119331,NAPA VALLEY COLLEGE,2277 NAPA-VALLEJO HWY,NAPA,CA,94558,6236,(707) 256-7000,1,A,5456,NAPA,6055,USA,38.274015266,-122.274510209,611210,JUNIOR COLLEGES,https://nces.ed.gov/collegenavigator/?id=119331,12/10/2009 12:00:00 AM,IMAGERY/OTHER,7/7/2016 12:00:00 AM,www.napavalley.edu/,6,55,4,3,40,1,13,-2,-2,NOT AVAILABLE,1,2,2846,2085,4931,2,-999,525,10776468,-13611536.2134628,4618207.62669624,119331A;119331B,133.0,NAPA VALLEY COMMUNITY COLLEGE DISTRICT,NAPA VALLEY COLLEGE CAMPUS;UPPER VALLEY CAMPUS,City: Small;nan,No;nan,www.napavalley.edu/,1942,The Storm,en.wikipedia.org/wiki/Napa_Valley_College
3838,123013,SANTA ROSA JUNIOR COLLEGE,1501 MENDOCINO AVENUE,SANTA ROSA,CA,95401,4395,(707) 527-4011,1,A,18300,SONOMA,6097,USA,38.454159567,-122.720688635,611210,JUNIOR COLLEGES,https://nces.ed.gov/collegenavigator/?id=123013,10/13/2009 12:00:00 AM,IMAGERY,7/7/2016 12:00:00 AM,www.santarosa.edu/,6,97,4,3,40,1,12,-2,-2,SRJC,4,4,11840,4917,16757,2,-999,1543,10813708,-13661204.5686481,4643783.49024645,123013A;123013B;123013C;123013D;123013E,384.3,SANTA ROSA JUNIOR COLLEGE,"SANTA ROSA JUNIOR COLLEGE CAMPUS;PETALUMA CAMPUS;PUBLIC SAFETY TRAINING CENTER, WINDSOR;SOUTHWEST CENTER;SHONE FARM",City: Midsize;nan,No;nan,www.santarosa.edu/,1918,Bears Cubs,en.wikipedia.org/wiki/Santa_Rosa_Junior_College
3860,122658,SAN JOAQUIN DELTA COLLEGE,5151 PACIFIC AVE,STOCKTON,CA,95207,NOT AVAILABLE,(209) 954-5151,1,A,19036,SAN JOAQUIN,6077,USA,37.9946428120001,-121.31722648,611210,JUNIOR COLLEGES,https://nces.ed.gov/collegenavigator/?id=122658,10/13/2009 12:00:00 AM,IMAGERY/OTHER,7/7/2016 12:00:00 AM,www.deltacollege.edu/,6,77,4,3,40,1,11,-2,-2,DELTA|DELTA COLLEGE|SAN JOAQUIN|SAN JOAQUIN DELTA|SAN JOAQUIN DELTA COMMUNITY COLLEGE DISTRICT,1,4,10714,7510,18224,2,-999,812,NOT AVAILABLE,-13504971.8762058,4578669.04951729,122658A;122658B;122658C,312.6,SAN JOAQUIN DELTA COMMUNITY COLLEGE DISTRICT,STOCKTON CAMPUS;SOUTH CAMPUS;MANTECA CENTER,City: Large;nan,No;nan,www.deltacollege.edu/,1935,Mustangs,en.wikipedia.org/wiki/San_Joaquin_Delta_College
3861,123217,COLLEGE OF THE SEQUOIAS,915 S. MOONEY BLVD,VISALIA,CA,93277,2214,(559) 730-3700,1,A,13379,TULARE,6107,USA,36.322956796,-119.314775247,611210,JUNIOR COLLEGES,https://nces.ed.gov/collegenavigator/?id=123217,10/13/2009 12:00:00 AM,IMAGERY/OTHER,7/7/2016 12:00:00 AM,www.cos.edu/,6,107,4,2,40,1,12,-2,-2,NOT AVAILABLE,4,4,7442,5129,12571,2,-999,808,NOT AVAILABLE,-13282060.0246099,4345151.20844259,123217A;123217B;123217C,401.7,SEQUOIAS COMMUNITY COLLEGE DISTRICT,VISALIA CAMPUS;HANFORD CENTER;TULARE COLLEGE CENTER ,City: Midsize;nan,No;nan,www.cos.edu/,1926,Giants,en.wikipedia.org/wiki/College_of_the_Sequoias
4165,114938,GAVILAN COLLEGE,5055 SANTA TERESA BLVD,GILROY,CA,95020,NOT AVAILABLE,(408) 848-4800,1,A,4892,SANTA CLARA,6085,USA,36.973274114,-121.568174204,611210,JUNIOR COLLEGES,https://nces.ed.gov/collegenavigator/?id=114938,12/10/2009 12:00:00 AM,IMAGERY/OTHER,7/7/2016 12:00:00 AM,https://www.gavilan.edu/,6,85,4,1,40,1,23,-2,-2,NOT AVAILABLE,3,2,2956,1538,4494,2,-999,398,10798347,-13532907.2490572,4435382.19782371,114938A;114938B;114938C;114938D;114938E,163.2,GAVILAN COLLEGE,GAVILAN COLLEGE CAMPUS;COYOTE VALLEY CAMPUS;HOLLISTER BRIGGS SITE;MORGAN HILL CAMPUS;SAN MARTIN - AVIATION TECHNOLOGY SITE,Suburb: Small;nan,No;nan,https://www.gavilan.edu/,1919,Rams,en.wikipedia.org/wiki/Gavilan_College
4167,119137,MOORPARK COLLEGE,7075 CAMPUS RD,MOORPARK,CA,93021,1695,(805) 378-1400,1,A,15005,VENTURA,6111,USA,34.3009607400001,-118.835843509,611210,JUNIOR COLLEGES,https://nces.ed.gov/collegenavigator/?id=119137,12/10/2009 12:00:00 AM,IMAGERY/OTHER,7/27/2016 12:00:00 AM,www.moorparkcollege.edu/index.shtml,6,111,4,2,40,1,22,-2,-2,NOT AVAILABLE,1,4,9624,4737,14361,2,-999,644,10792114,-13228745.587411,4069285.646456,119137A,141.2,VENTURA COUNTY COMMUNITY COLLEGE DISTRICT,MOORPARK COLLEGE CAMPUS,Suburb: Midsize,No,www.moorparkcollege.edu/index.shtml,1967,Raiders,en.wikipedia.org/wiki/Moorpark_College
4279,114433,FEATHER RIVER COMMUNITY COLLEGE DISTRICT,570 GOLDEN EAGLE AVE,QUINCY,CA,95971,9124,(530) 283-0202,1,A,2038,PLUMAS,6063,USA,39.952395,-120.970877,611210,JUNIOR COLLEGES,https://nces.ed.gov/collegenavigator/?id=114433,10/13/2009 12:00:00 AM,IMAGERY/OTHER,7/15/2016 12:00:00 AM,www.frc.edu/,6,63,1,1,30,1,41,-2,-2,FEATHER RIVER COLLEGE,3,2,1463,358,1821,1,240,217,NOT AVAILABLE,-13466416.4284557,4859026.86020225,114433A,205.6,FEATHER RIVER COMMUNITY COLLEGE DISTRICT,FEATHER RIVER COLLEGE CAMPUS,Rural: Fringe,Yes,www.frc.edu/,1968,Golden Eagles,en.wikipedia.org/wiki/Feather_River_College
4282,115296,GROSSMONT COLLEGE,8800 GROSSMONT COLLEGE DR,EL CAJON,CA,92020,1799,(619) 644-7000,1,A,16406,SAN DIEGO,6073,USA,32.8160770580001,-117.007291965,611210,JUNIOR COLLEGES,https://nces.ed.gov/collegenavigator/?id=115296,10/13/2009 12:00:00 AM,IMAGERY,7/15/2016 12:00:00 AM,https://www.grossmont.edu/,6,73,4,2,40,1,21,-2,-2,NOT AVAILABLE,1,4,10610,4816,15426,2,-999,980,NOT AVAILABLE,-13025192.1606437,3870916.63771647,115296A,130.9,GROSSMONT / CUYAMACA COMMUNITY COLLEGE DISTRICT,GROSSMONT COLLEGE CAMPUS,Suburb: Large,No,https://www.grossmont.edu/,1961,Griffins,en.wikipedia.org/wiki/Grossmont_College
4292,122791,COLLEGE OF SAN MATEO,1700 W HILLSDALE BLVD,SAN MATEO,CA,94402,3784,(650) 574-6161,1,A,7987,SAN MATEO,6081,USA,37.5342946530001,-122.335292804,611210,JUNIOR COLLEGES,https://nces.ed.gov/collegenavigator/?id=122791,10/13/2009 12:00:00 AM,IMAGERY/OTHER,7/26/2016 12:00:00 AM,www.collegeofsanmateo.edu/,6,81,4,3,40,1,12,-2,-2,CSM,2,3,6152,1342,7494,2,-999,493,NOT AVAILABLE,-13618302.5009873,4513844.55804787,122791A,148.6,SAN MATEO COUNTY COMMUNITY COLLEGE DISTRICT,COLLEGE OF SAN MATEO CAMPUS,Suburb: Large,No,www.collegeofsanmateo.edu/,1922,Bulldogs,en.wikipedia.org/wiki/College_of_San_Mateo
4294,123484,COLLEGE OF THE SISKIYOUS,800 COLLEGE AVE,WEED,CA,96094,2899,(530) 938-5555,1,A,1499,SISKIYOU,6093,USA,41.4138475140001,-122.389165712,611210,JUNIOR COLLEGES,https://nces.ed.gov/collegenavigator/?id=123484,10/13/2009 12:00:00 AM,IMAGERY/OTHER,7/26/2016 12:00:00 AM,www.siskiyous.edu/,6,93,4,1,40,1,33,-2,-2,NOT AVAILABLE,6,2,755,521,1276,1,154,223,NOT AVAILABLE,-13624299.6056734,5073577.05702108,123484A;123484B,209.2,SISKIYOUS JOINT COMMUNITY COLLEGE DISTRICT,WEED CAMPUS;YREKA CAMPUS,Town: Remote;nan,Yes;nan,www.siskiyous.edu/,1957,Eagles,en.wikipedia.org/wiki/College_of_the_Siskiyous
4325,114266,EVERGREEN VALLEY COLLEGE,3095 YERBA BUENA RD,SAN JOSE,CA,95135,1598,(408) 274-7900,1,A,9156,SANTA CLARA,6085,USA,37.301669756,-121.765609984,611210,JUNIOR COLLEGES,https://nces.ed.gov/collegenavigator/?id=114266,12/10/2009 12:00:00 AM,IMAGERY/OTHER,7/27/2016 12:00:00 AM,www.evc.edu/,6,85,4,2,40,1,11,-2,-2,NOT AVAILABLE,1,3,6288,2411,8699,2,-999,457,NOT AVAILABLE,-13554885.6995512,4481239.49313047,114266A,157.9,SAN JOSE / EVERGREEN COMMUNITY COLLEGE DISTRICT,EVERGREEN VALLEY COLLEGE CAMPUS,City: Large,No,www.evc.edu/,1975,Hawks,en.wikipedia.org/wiki/Evergreen_Valley_College
4327,455512,WOODLAND COMMUNITY COLLEGE,2300 E GIBSON RD,WOODLAND,CA,95776,NOT AVAILABLE,(530) 661-5700,1,A,4807,YOLO,6113,USA,38.6605616050001,-121.73424192,611210,JUNIOR COLLEGES,https://nces.ed.gov/collegenavigator/?id=455512,6/2/2011 12:00:00 AM,IMAGERY/OTHER,7/28/2016 12:00:00 AM,https://wcc.yccd.edu/,6,113,4,1,40,1,23,-2,-2,NOT AVAILABLE,1,2,3077,1521,4598,2,-999,209,NOT AVAILABLE,-13551393.8226396,4673165.90975371,455512A;455512C;455512B,128.0,YUBA COMMUNITY COLLEGE DISTRICT,WOODLAND CAMPUS;LAKE COUNTY CAMPUS;COLUSA COUNTY CAMPUS,Suburb: Small;nan,No;nan,https://wcc.yccd.edu/,2008,Eagles,en.wikipedia.org/wiki/Woodland_Community_College
4365,122746,SAN JOSE CITY COLLEGE,2100 MOORPARK AVE,SAN JOSE,CA,95128,2798,(408) 298-2181,1,A,8855,SANTA CLARA,6085,USA,37.3144388430001,-121.928848447,611210,JUNIOR COLLEGES,https://nces.ed.gov/collegenavigator/?id=122746,10/13/2009 12:00:00 AM,IMAGERY/OTHER,7/19/2016 12:00:00 AM,www.sjcc.edu/,6,85,4,1,40,1,11,-2,-2,NOT AVAILABLE,7,3,6696,1682,8378,2,-999,477,NOT AVAILABLE,-13573057.3221303,4483026.60552924,122746A,58.7,SAN JOSE / EVERGREEN COMMUNITY COLLEGE DISTRICT,SAN JOSE CITY COLLEGE CAMPUS,City: Large,No,www.sjcc.edu/,1921,Jaguars,en.wikipedia.org/wiki/San_Jose_City_College
4380,113218,CUYAMACA COLLEGE,900 RANCHO SAN DIEGO PKY,EL CAJON,CA,92019,NOT AVAILABLE,(619) 660-4000,1,A,9249,SAN DIEGO,6073,USA,32.742928869,-116.94064544,611210,JUNIOR COLLEGES,https://nces.ed.gov/collegenavigator/?id=113218,12/10/2009 12:00:00 AM,IMAGERY/OTHER,7/27/2016 12:00:00 AM,https://www.cuyamaca.edu/,6,73,4,1,40,1,21,-2,-2,NOT AVAILABLE,2,3,7074,1646,8720,2,-999,529,NOT AVAILABLE,-13017773.1034175,3861231.57079759,113218A,165.6,GROSSMONT / CUYAMACA COMMUNITY COLLEGE DISTRICT,CUYAMACA COLLEGE CAMPUS,Suburb: Large,No,https://www.cuyamaca.edu/,1978,Coyotes,en.wikipedia.org/wiki/Cuyamaca_College
4578,121363,PORTERVILLE COLLEGE,100 E COLLEGE AVE,PORTERVILLE,CA,93257,NOT AVAILABLE,(559) 791-2200,1,A,4234,TULARE,6107,USA,36.04925597,-119.01436797,611210,JUNIOR COLLEGES,https://nces.ed.gov/collegenavigator/?id=121363,10/13/2009 12:00:00 AM,IMAGERY,7/18/2016 12:00:00 AM,www.portervillecollege.edu/,6,107,4,1,40,1,23,-2,-2,NOT AVAILABLE,1,2,2581,1383,3964,2,-999,270,NOT AVAILABLE,-13248618.8395037,4307401.03587756,121363A,63.8,KERN COMMUNITY COLLEGE DISTRICT--KERN COUNTY,PORTERVILLE COLLEGE CAMPUS MAP,City: Small,No,www.portervillecollege.edu/,1927,Pirates,en.wikipedia.org/wiki/Porterville_College
4580,122180,SACRAMENTO CITY COLLEGE,3835 FREEPORT BLVD,SACRAMENTO,CA,95822,1386,(916) 558-2111,1,A,20974,SACRAMENTO,6067,USA,38.542011491,-121.490103833,611210,JUNIOR COLLEGES,https://nces.ed.gov/collegenavigator/?id=122180,12/10/2009 12:00:00 AM,IMAGERY/OTHER,7/18/2016 12:00:00 AM,https://www.scc.losrios.edu/,6,67,4,2,40,1,11,-2,-2,SACRAMENTO CITY | SAC CITY | SCC,1,5,15641,4386,20027,2,-999,947,NOT AVAILABLE,-13524216.4951115,4656279.36524244,122180A;122180B;122180C,70.4,LOS RIOS COMMUNITY COLLEGE DISTRICT,SACRAMENTO CITY COLLEGE CAMPUS;DAVIS CENTER;WEST SACRAMENTO CENTER,City: Large;nan,No;nan,https://www.scc.losrios.edu/,1916,Panthers,en.wikipedia.org/wiki/Sacramento_City_College
5143,117247,LANEY COLLEGE,900 FALLON SREET,OAKLAND,CA,94607,NOT AVAILABLE,(510) 834-5740,1,A,9658,ALAMEDA,6001,USA,37.7962052180001,-122.262433694,611210,JUNIOR COLLEGES,https://nces.ed.gov/collegenavigator/?id=117247,10/13/2009 12:00:00 AM,IMAGERY,7/18/2016 12:00:00 AM,laney.edu/,6,1,4,1,40,1,11,-2,-2,NOT AVAILABLE,6,3,7508,1717,9225,2,-999,433,NOT AVAILABLE,-13610191.8619625,4550676.31275673,117247A,61.4,PERALTA COMMUNITY COLLEGE DISTRICT,LANEY COLLEGE CAMPUS,City: Large,No,laney.edu/,1953,Eagles,en.wikipedia.org/wiki/Laney_College
5144,117274,LASSEN COMMUNITY COLLEGE,478-200 HWY 139,SUSANVILLE,CA,96130,NOT AVAILABLE,(530) 257-6181,1,A,2012,LASSEN,6035,USA,40.4313270000001,-120.631169,611210,JUNIOR COLLEGES,https://nces.ed.gov/collegenavigator/?id=117274,12/31/2009 12:00:00 AM,IMAGERY,7/18/2016 12:00:00 AM,www.lassencollege.edu/,6,35,4,3,40,1,41,-2,-2,NOT AVAILABLE,3,2,1346,475,1821,1,108,191,NOT AVAILABLE,-13428600.3068773,4928820.94442532,117274B;117274A,195.1,LASSEN COMMUNITY COLLEGE DISTRICT,NON-CAMPUS LAND;LASSEN COLLEGE CAMPUS,nan;Rural: Fringe,nan;Yes,www.lassencollege.edu/,1925,Cougars,en.wikipedia.org/wiki/Lassen_College
5367,118347,COLLEGE OF MARIN,835 COLLEGE AVE,KENTFIELD,CA,94904,2590,(415) 457-8811,1,A,4992,MARIN,6041,USA,37.9540797350001,-122.549066997,611210,JUNIOR COLLEGES,https://nces.ed.gov/collegenavigator/?id=118347,12/10/2009 12:00:00 AM,IMAGERY/OTHER,7/7/2016 12:00:00 AM,www.marin.edu/,6,41,4,1,40,1,21,-2,-2,NOT AVAILABLE,2,2,3278,1231,4509,2,-999,483,10813537,-13642099.7352968,4572940.84895782,118347A;118347B,422.3,MARIN COMMUNITY COLLEGE DISTRICT,KENTFIELD CAMPUS;INDIAN VALLEY CAMPUS,Suburb: Large;nan,No;nan,www.marin.edu/,1926,Mariners,en.wikipedia.org/wiki/College_of_Marin
5368,123341,SIERRA COLLEGE,5100 SIERRA COLLEGE BLVD,ROCKLIN,CA,95677,3397,(916) 624-3333,1,A,18642,PLACER,6061,USA,38.791466783,-121.211533602,611210,JUNIOR COLLEGES,https://nces.ed.gov/collegenavigator/?id=123341,12/10/2009 12:00:00 AM,IMAGERY/OTHER,7/7/2016 12:00:00 AM,https://www.sierracollege.edu/,6,61,4,2,40,1,21,-2,-2,SIERRA JOINT COMMUNITY COLLEGE DISTRICT,1,4,10874,6629,17503,1,121,1139,NOT AVAILABLE,-13493206.1988464,4691844.84507341,123341E;123341A;123341B;123341C;123341D,481.6,SIERRA JOINT COMMUNITY COLLEGE DISTRICT,NON-CAMPUS LAND;ROCKLIN CAMPUS;NEVADA COUNTY CAMPUS;TAHOE-TRUCKEE CAMPUS;ROSEVILLE CENTER,nan;Suburb: Large,nan;Yes,https://www.sierracollege.edu/,1936,Wolverines,en.wikipedia.org/wiki/Sierra_College
5369,444219,FOLSOM LAKE COLLEGE,10 COLLEGE PARKWAY,FOLSOM,CA,95630,NOT AVAILABLE,(916) 608-6572,1,A,9978,SACRAMENTO,6067,USA,38.6623194850001,-121.127256067,611210,JUNIOR COLLEGES,https://nces.ed.gov/collegenavigator/?id=444219,12/10/2009 12:00:00 AM,IMAGERY/OTHER,7/7/2016 12:00:00 AM,https://www.flc.losrios.edu/,6,67,4,2,40,1,13,-2,-2,FOLSOM LAKE | FLC,1,3,7358,2184,9542,2,-999,436,NOT AVAILABLE,-13483824.4665649,4673416.51621182,444219A;444219C;444219B,173.6,LOS RIOS COMMUNITY COLLEGE DISTRICT,FOLSOM LAKE CAMPUS;RANCHO CORDOVA CENTER;EL DORADO CENTER,City: Small;nan,No;nan,https://www.flc.losrios.edu/,2004,Falcons,en.wikipedia.org/wiki/Folsom_Lake_College
5538,110334,CABRILLO COLLEGE,6500 SOQUEL DR,APTOS,CA,95003,NOT AVAILABLE,(831) 479-6100,1,A,10545,SANTA CRUZ,6087,USA,36.9891237950001,-121.925653615,611210,JUNIOR COLLEGES,https://nces.ed.gov/collegenavigator/?id=110334,12/10/2009 12:00:00 AM,IMAGERY/OTHER,7/15/2016 12:00:00 AM,www.cabrillo.edu/,6,87,4,2,40,1,22,-2,-2,NOT AVAILABLE,4,3,6591,3201,9792,2,-999,753,NOT AVAILABLE,-13572701.6750589,4437590.89294253,110334A;110334B,160.7,CABRILLO COMMUNITY COLLEGE DISTRICT,APTOS CAMPUS;WATSONVILLE CENTER,Suburb: Midsize;nan,No;nan,www.cabrillo.edu/,1959,Seahawks,en.wikipedia.org/wiki/Cabrillo_College
5542,111939,CHAFFEY COLLEGE,5885 HAVEN AVE,RANCHO CUCAMONGA,CA,91737,3002,(909) 652-6000,1,A,21404,SAN BERNARDINO,6071,USA,34.1470495740001,-117.573086368,611210,JUNIOR COLLEGES,https://nces.ed.gov/collegenavigator/?id=111939,10/13/2009 12:00:00 AM,IMAGERY,7/15/2016 12:00:00 AM,https://www.chaffey.edu/,6,71,4,2,40,1,21,-2,-2,NOT AVAILABLE,1,5,14443,5582,20025,2,-999,1379,NOT AVAILABLE,-13088176.1054793,4048564.32333357,111939C;111939B;111939A,217.2,CHAFFEY COMMUNITY COLLEGE DISTRICT,CHINO CAMPUS;FONTANA CAMPUS;RANCHO CUCAMONGA CAMPUS,nan;Suburb: Large,nan;No,https://www.chaffey.edu/,1883,Panthers,en.wikipedia.org/wiki/Chaffey_College
5545,113236,CYPRESS COLLEGE,9200 VALLEY VIEW,CYPRESS,CA,90630,5897,(714) 484-7000,1,A,16203,ORANGE,6059,USA,33.8276248970001,-118.023889141,611210,JUNIOR COLLEGES,https://nces.ed.gov/collegenavigator/?id=113236,10/13/2009 12:00:00 AM,IMAGERY,7/15/2016 12:00:00 AM,www.cypresscollege.edu/,6,59,1,1,30,1,21,-2,-2,NOT AVAILABLE,4,4,10057,5268,15325,2,-999,878,NOT AVAILABLE,-13138359.2406179,4005679.67922853,113236A,105.8,NORTH ORANGE COUNTY COMMUNITY COLLEGE DISTRICT,CYPRESS COLLEGE CAMPUS,Suburb: Large,No,www.cypresscollege.edu/,1966,Chargers,en.wikipedia.org/wiki/Cypress_College
5551,118772,MERRITT COLLEGE,12500 CAMPUS DR,OAKLAND,CA,94619,3196,(510) 531-4911,1,A,6562,ALAMEDA,6001,USA,37.7890883360001,-122.167335179,611210,JUNIOR COLLEGES,https://nces.ed.gov/collegenavigator/?id=118772,10/13/2009 12:00:00 AM,IMAGERY,7/18/2016 12:00:00 AM,www.merritt.edu/,6,1,4,1,40,1,11,-2,-2,NOT AVAILABLE,9,3,5087,1174,6261,2,-999,301,NOT AVAILABLE,-13599605.5436975,4549673.76412285,118772A,123.6,PERALTA COMMUNITY COLLEGE DISTRICT,MERRITT COLLEGE CAMPUS,City: Large,No,www.merritt.edu/,1954,Panthers,en.wikipedia.org/wiki/Merritt_College
5556,125170,BERKELEY CITY COLLEGE,2050 CENTER SREET,BERKELEY,CA,94704,NOT AVAILABLE,(510) 981-2800,1,A,6368,ALAMEDA,6001,USA,37.869768535,-122.269876669,611210,JUNIOR COLLEGES,https://nces.ed.gov/collegenavigator/?id=125170,10/13/2009 12:00:00 AM,IMAGERY,7/25/2016 12:00:00 AM,www.berkeleycitycollege.edu/wp/,6,1,4,2,40,1,12,-2,-2,NOT AVAILABLE,3,3,4985,1112,6097,2,-999,271,NOT AVAILABLE,-13611020.4101494,4561044.77485065,125170A,0.7,PERALTA COMMUNITY COLLEGE DISTRICT,BERKELEY CITY COLLEGE CAMPUS,City: Midsize,No,www.berkeleycitycollege.edu/wp/,1974,Knights,en.wikipedia.org/wiki/Berkeley_City_College
5569,121044,PASADENA CITY COLLEGE,1570 E COLORADO BLVD.,PASADENA,CA,91106,2003,(626) 585-7123,1,A,26551,LOS ANGELES,6037,USA,34.144552318,-118.118196247,611210,JUNIOR COLLEGES,https://nces.ed.gov/collegenavigator/?id=121044,10/13/2009 12:00:00 AM,IMAGERY/OTHER,7/26/2016 12:00:00 AM,pasadena.edu/,6,37,4,1,40,1,12,-2,-2,NOT AVAILABLE,1,5,15607,9427,25034,2,-999,1517,NOT AVAILABLE,-13148857.459636,4048228.42523489,121044C;121044A;121044B;121044D,61.7,PASADENA AREA COMMUNITY COLLEGE DISTRICT,CHILD DEVELOPMENT CENTER;PASADENA CITY COLLEGE CAMPUS;FOOTHILL CAMPUS;ROSEMEAD CAMPUS,nan;City: Midsize,nan;No,pasadena.edu/,1924,Lancers,en.wikipedia.org/wiki/Pasadena_City_College
5571,115001,GLENDALE COMMUNITY COLLEGE,1500 N VERDUGO RD,GLENDALE,CA,91208,2894,(818) 240-1000,1,A,14045,LOS ANGELES,6037,USA,34.166421572,-118.228251182,611210,JUNIOR COLLEGES,https://nces.ed.gov/collegenavigator/?id=115001,10/13/2009 12:00:00 AM,IMAGERY/OTHER,7/26/2016 12:00:00 AM,https://www.glendale.edu/,6,37,4,2,40,1,12,-2,-2,GCC | GLENDALE COLLEGE,4,4,6491,6482,12973,2,-999,1072,NOT AVAILABLE,-13161108.7189595,4051170.32760975,115001A;115001B,60.2,GLENDALE COMMUNITY COLLEGE DISTRICT,GLENDALE COMMUNITY COLLEGE CAMPUS;GARFIELD CAMPUS,City: Midsize;nan,No;nan,https://www.glendale.edu/,1927,Vaqueros,en.wikipedia.org/wiki/Glendale_Community_College_(California)
5575,112561,COLUMBIA COLLEGE,11600 COLUMBIA COLLEGE DR,SONORA,CA,95370,NOT AVAILABLE,(209) 588-5100,1,A,2330,TUOLUMNE,6109,USA,38.0303606510001,-120.387603314,611210,JUNIOR COLLEGES,https://nces.ed.gov/collegenavigator/?id=112561,10/13/2009 12:00:00 AM,IMAGERY/OTHER,7/26/2016 12:00:00 AM,www.gocolumbia.edu/,6,109,4,1,40,1,41,-2,-2,COLUMBIA JUNIOR COLLEGE CC,5,2,1558,574,2132,2,-999,198,NOT AVAILABLE,-13401486.6987371,4583715.64285865,112561A,180.0,YOSEMITE COMMUNITY COLLEGE DISTRICT,COLUMBIA COLLEGE CAMPUS,Rural: Fringe,No,www.gocolumbia.edu/,1968,Claim Jumpers,en.wikipedia.org/wiki/Columbia_College_(California)
5592,114859,FULLERTON COLLEGE,321 E CHAPMAN AVENUE,FULLERTON,CA,92832,2095,(714) 992-7000,1,A,22647,ORANGE,6059,USA,33.8768294770001,-117.916807142,611210,JUNIOR COLLEGES,https://nces.ed.gov/collegenavigator/?id=114859,12/10/2009 12:00:00 AM,IMAGERY/OTHER,7/26/2016 12:00:00 AM,www.fullcoll.edu/,6,59,4,1,40,1,21,-2,-2,NOT AVAILABLE,1,5,13236,8191,21427,2,-999,1220,NOT AVAILABLE,-13126438.9270161,4012275.20064989,114859A,74.6,NORTH ORANGE COUNTY COMMUNITY COLLEGE DISTRICT,FULLERTON COLLEGE CAMPUS,Suburb: Large,No,www.fullcoll.edu/,1913,Hornets,en.wikipedia.org/wiki/Fullerton_College
5593,122205,SADDLEBACK COLLEGE,28000 MARGUERITE PKY,MISSION VIEJO,CA,92692,3635,(949) 582-4500,1,A,20211,ORANGE,6059,USA,33.552162755,-117.665840108,611210,JUNIOR COLLEGES,https://nces.ed.gov/collegenavigator/?id=122205,12/10/2009 12:00:00 AM,IMAGERY/OTHER,7/26/2016 12:00:00 AM,www.saddleback.edu/,6,59,4,1,40,1,21,-2,-2,NOT AVAILABLE,2,4,13363,5621,18984,2,-999,1227,NOT AVAILABLE,-13098501.4045853,3968825.77821169,122205A,172.8,SOUTH ORANGE COUNTY COMMUNITY COLLEGE DISTRICT,SADDLEBACK COLLEGE CAMPUS,Suburb: Large,No,www.saddleback.edu/,1968,Bobcats,en.wikipedia.org/wiki/Saddleback_College
5594,109208,AMERICAN RIVER COLLEGE,4700 COLLEGE OAK DR,SACRAMENTO,CA,95841,4286,(916) 484-8011,1,A,26654,SACRAMENTO,6067,USA,38.6497342000001,-121.346012,611210,JUNIOR COLLEGES,https://nces.ed.gov/collegenavigator/?id=109208,12/10/2009 12:00:00 AM,IMAGERY/OTHER,7/26/2016 12:00:00 AM,https://www.arc.losrios.edu/,6,67,4,2,40,1,21,-2,-2,AMERICAN RIVER | ARC,1,5,20433,4989,25422,2,-999,1232,NOT AVAILABLE,-13508176.2656345,4671622.47149633,109208A;109208B;109208C;109208D,168.9,LOS RIOS COMMUNITY COLLEGE DISTRICT,AMERICAN RIVER COLLEGE CAMPUS;ARC MATHER CENTER (AUTOMOTIVE COLLISION TECHNOLOGY & DIESEL TECHNOLOGY);NATOMAS CENTER;MCCLELLAN CENTER,Suburb: Large;nan,No;nan,https://www.arc.losrios.edu/,1955,Beavers,en.wikipedia.org/wiki/American_River_College
5655,117690,LOS ANGELES HARBOR COLLEGE,1111 FIGUEROA PLACE,WILMINGTON,CA,90744,2397,(310) 233-4000,1,A,8570,LOS ANGELES,6037,USA,33.784201411,-118.281860074,611210,JUNIOR COLLEGES,https://nces.ed.gov/collegenavigator/?id=117690,10/13/2009 12:00:00 AM,IMAGERY,7/18/2016 12:00:00 AM,www.lahc.edu/,6,37,4,1,40,1,11,-2,-2,HARBOR COLLEGE,1,3,6440,1661,8101,2,-999,469,NOT AVAILABLE,-13167076.4335189,3999862.22443213,117690A,85.3,LOS ANGELES COMMUNITY COLLEGE DISTRICT,LOS ANGELES HARBOR COLLEGE CAMPUS,City: Large,No,www.lahc.edu/,1949,Seahawks,en.wikipedia.org/wiki/Los_Angeles_Harbor_College
5656,117706,LOS ANGELES PIERCE COLLEGE,6201 WINNETKA AVE,WOODLAND HILLS,CA,91371,0002,(818) 719-6401,1,A,18464,LOS ANGELES,6037,USA,34.1841836460001,-118.577193513,611210,JUNIOR COLLEGES,https://nces.ed.gov/collegenavigator/?id=117706,10/13/2009 12:00:00 AM,IMAGERY,7/18/2016 12:00:00 AM,www.piercecollege.edu/,6,37,4,1,40,1,11,-2,-2,PIERCE COLLEGE LA PIERCE COLLEGE,1,4,12824,4697,17521,2,-999,943,NOT AVAILABLE,-13199952.8015626,4053560.2836061,117706A,384.1,LOS ANGELES COMMUNITY COLLEGE DISTRICT,LOS ANGELES PIERCE COLLEGE CAMPUS,City: Large,No,www.piercecollege.edu/,1947,Brahmas,en.wikipedia.org/wiki/Los_Angeles_Pierce_College
5657,117715,LOS ANGELES SOUTHWEST COLLEGE,1600 W. IMPERIAL HWY.,LOS ANGELES,CA,90047,4899,(323) 241-5225,1,A,5618,LOS ANGELES,6037,USA,33.929586278,-118.304674396,611210,JUNIOR COLLEGES,https://nces.ed.gov/collegenavigator/?id=117715,10/13/2009 12:00:00 AM,IMAGERY,7/18/2016 12:00:00 AM,www.lasc.edu/,6,37,4,1,40,1,21,-2,-2,NOT AVAILABLE,3,3,4518,698,5216,2,-999,402,NOT AVAILABLE,-13169616.1122267,4019351.0978289,117715A,64.4,LOS ANGELES COMMUNITY COLLEGE DISTRICT,LOS ANGELES SOUTHWEST COLLEGE CAMPUS,Suburb: Large,No,www.lasc.edu/,1967,Cougars,en.wikipedia.org/wiki/Los_Angeles_Southwest_College
5658,117733,LOS ANGELES VALLEY COLLEGE,5800 FULTON AVENUE,VALLEY GLEN,CA,91401,4096,(818) 947-2600,1,A,16790,LOS ANGELES,6037,USA,34.176406189,-118.421445731,611210,JUNIOR COLLEGES,https://nces.ed.gov/collegenavigator/?id=117733,10/13/2009 12:00:00 AM,IMAGERY,7/18/2016 12:00:00 AM,www.lavc.edu/,6,37,4,1,40,1,11,-2,-2,LA VALLEY COLLEGE,2,4,12722,3235,15957,2,-999,833,NOT AVAILABLE,-13182615.0377782,4052513.73466882,117733A,104.6,LOS ANGELES COMMUNITY COLLEGE DISTRICT,LOS ANGELES VALLEY COLLEGE CAMPUS,City: Large,No,www.lavc.edu/,1949,Monarchs,en.wikipedia.org/wiki/Los_Angeles_Valley_College
5659,117788,LOS ANGELES CITY COLLEGE,855 N VERMONT AVE,LOS ANGELES,CA,90029,NOT AVAILABLE,(323) 953-4000,1,A,15605,LOS ANGELES,6037,USA,34.087300901,-118.292169109,611210,JUNIOR COLLEGES,https://nces.ed.gov/collegenavigator/?id=117788,10/13/2009 12:00:00 AM,IMAGERY,7/18/2016 12:00:00 AM,www.lacitycollege.edu/,6,37,4,1,40,1,11,-2,-2,NOT AVAILABLE,6,4,11331,3469,14800,2,-999,805,NOT AVAILABLE,-13168224.0300457,4040530.43664107,117788A,40.5,LOS ANGELES COMMUNITY COLLEGE DISTRICT,LOS ANGELES CITY COLLEGE CAMPUS,City: Large,No,www.lacitycollege.edu/,1929,Cubs,en.wikipedia.org/wiki/Los_Angeles_City_College
5660,117867,LOS ANGELES MISSION COLLEGE,13356 ELDRIDGE AVENUE,SYLMAR,CA,91342,3200,(818) 364-7600,1,A,9947,LOS ANGELES,6037,USA,34.3149435980001,-118.419086899,611210,JUNIOR COLLEGES,https://nces.ed.gov/collegenavigator/?id=117867,10/13/2009 12:00:00 AM,IMAGERY,7/18/2016 12:00:00 AM,www.lamission.edu/,6,37,4,1,40,1,11,-2,-2,NOT AVAILABLE,1,3,7894,1557,9451,2,-999,496,NOT AVAILABLE,-13182352.4538011,4071170.06148301,117867A;117867B,31.0,LOS ANGELES COMMUNITY COLLEGE DISTRICT,LOS ANGELES MISSION COLLEGE CAMPUS;EAST CAMPUS,City: Large;nan,No;nan,www.lamission.edu/,1975,Eagles,en.wikipedia.org/wiki/Los_Angeles_Mission_College
5667,122339,SAN DIEGO CITY COLLEGE,1313 PARK BOULEVARD,SAN DIEGO,CA,92101,4787,(619) 388-3400,1,A,15561,SAN DIEGO,6073,USA,32.7188552200001,-117.151641034,611210,JUNIOR COLLEGES,https://nces.ed.gov/collegenavigator/?id=122339,10/13/2009 12:00:00 AM,IMAGERY,7/19/2016 12:00:00 AM,www.sdcity.edu/,6,73,4,1,40,1,11,-2,-2,NOT AVAILABLE,4,4,12914,1951,14865,2,-999,696,NOT AVAILABLE,-13041261.0255012,3858045.87815927,122339A,43.6,SAN DIEGO COMMUNITY COLLEGE DISTRICT,SAN DIEGO CITY COLLEGE CAMPUS,City: Large,No,www.sdcity.edu/,1914,Knights,en.wikipedia.org/wiki/San_Diego_City_College
5668,122384,SAN DIEGO MIRAMAR COLLEGE,10440 BLACK MOUNTAIN RD,SAN DIEGO,CA,92126,2999,(619) 388-7800,1,A,14026,SAN DIEGO,6073,USA,32.909545947,-117.120887747,611210,JUNIOR COLLEGES,https://nces.ed.gov/collegenavigator/?id=122384,10/13/2009 12:00:00 AM,IMAGERY,7/19/2016 12:00:00 AM,www.sdmiramar.edu/,6,73,4,1,40,1,11,-2,-2,NOT AVAILABLE,5,4,11516,1892,13408,2,-999,618,NOT AVAILABLE,-13037837.5852522,3883303.84616508,122384A,114.5,SAN DIEGO COMMUNITY COLLEGE DISTRICT,SAN DIEGO MIRAMAR COLLEGE CAMPUS,City: Large,No,www.sdmiramar.edu/,1969,Jets,en.wikipedia.org/wiki/San_Diego_Miramar_College
5676,123527,SAN BERNARDINO VALLEY COLLEGE,701 SOUTH MOUNT VERNON AVENUE,SAN BERNARDINO,CA,92410,2798,(909) 384-4400,1,A,13244,SAN BERNARDINO,6071,USA,34.0882458670001,-117.310644558,611210,JUNIOR COLLEGES,https://nces.ed.gov/collegenavigator/?id=123527,10/13/2009 12:00:00 AM,IMAGERY/OTHER,7/22/2016 12:00:00 AM,www.valleycollege.edu/,6,71,4,2,40,1,12,-2,-2,NOT AVAILABLE,4,4,8410,3796,12206,2,-999,1038,NOT AVAILABLE,-13058961.2168273,4040657.45388357,123527A,74.8,SAN BERNARDINO COMMUNITY COLLEGE DISTRICT,SAN BERNARDINO VALLEY COLLEGE CAMPUS,City: Midsize,No,www.valleycollege.edu/,1926,Wolverines,en.wikipedia.org/wiki/San_Bernardino_Valley_College
5679,125471,WEST LOS ANGELES COLLEGE,9000 OVERLAND AVENUE,CULVER CITY,CA,90230,3519,(310) 287-4200,1,A,12061,LOS ANGELES,6037,USA,34.005578289,-118.387578482,611210,JUNIOR COLLEGES,https://nces.ed.gov/collegenavigator/?id=125471,10/13/2009 12:00:00 AM,IMAGERY,7/25/2016 12:00:00 AM,www.wlac.edu/,6,37,1,2,30,1,21,-2,-2,"WEST LA COLLEGE, WEST L.A. COLLEGE, WEST LA, WEST L.A., WLAC, WESTLA",5,4,9473,1944,11417,2,-999,644,NOT AVAILABLE,-13178844.952865,4029551.07865384,125471A,69.3,LOS ANGELES COMMUNITY COLLEGE DISTRICT,WEST LOS ANGELES COLLEGE CAMPUS,Suburb: Large,No,www.wlac.edu/,1969,Wildcats,en.wikipedia.org/wiki/West_Los_Angeles_College
5692,121886,RIO HONDO COLLEGE,3600 WORKMAN MILL RD,WHITTIER,CA,90601,1616,(562) 692-0921,1,A,16576,LOS ANGELES,6037,USA,34.019877783,-118.033328666,611210,JUNIOR COLLEGES,https://nces.ed.gov/collegenavigator/?id=121886,10/13/2009 12:00:00 AM,IMAGERY/OTHER,7/26/2016 12:00:00 AM,www.riohondo.edu/,6,37,1,1,30,1,21,-2,-2,RHCCD|RHC,5,4,11265,4427,15692,2,-999,884,NOT AVAILABLE,-13139410.0437342,4031471.43913281,121886A;121886B;121886C;121886D;121886E,142.3,RIO HONDO COMMUNITY COLLEGE DISTRICT,RIO HONDO COLLEGE CAMPUS;EL MONTE EDUCATION CENTER;SOUTH WHITTIER EDUCATION CENTER;SANTA FE SPRINGS REGIONAL TRAINING CENTER;RIO HONDO EDUCATIONAL CENTER,Suburb: Large;nan,No;nan,www.riohondo.edu/,1960,Roadrunners,en.wikipedia.org/wiki/Rio_Hondo_College
5693,112172,CITRUS COLLEGE,1000 W FOOTHILL BLVD,GLENDORA,CA,91741,1899,(626) 963-0323,1,A,12619,LOS ANGELES,6037,USA,34.1354866940001,-117.885265696,611210,JUNIOR COLLEGES,https://nces.ed.gov/collegenavigator/?id=112172,10/13/2009 12:00:00 AM,IMAGERY/OTHER,7/26/2016 12:00:00 AM,https://www.citruscollege.edu/,6,37,4,1,40,1,21,-2,-2,NOT AVAILABLE,1,4,7377,4486,11863,2,-999,756,NOT AVAILABLE,-13122927.7493085,4047009.11992331,112172A,100.8,CITRUS COMMUNITY COLLEGE DISTRICT,CITRUS COLLEGE CAMPUS,Suburb: Large,No,https://www.citruscollege.edu/,1915,Fighting Owls,en.wikipedia.org/wiki/Citrus_College
5759,119067,MONTEREY PENINSULA COLLEGE,980 FREMONT ST,MONTEREY,CA,93940,4799,(831) 646-4000,1,A,7685,MONTEREY,6053,USA,36.5914260440001,-121.886130919,611210,JUNIOR COLLEGES,https://nces.ed.gov/collegenavigator/?id=119067,12/10/2009 12:00:00 AM,IMAGERY/OTHER,7/27/2016 12:00:00 AM,www.mpc.edu/,6,53,4,3,40,1,22,-2,-2,NOT AVAILABLE,3,3,4723,2431,7154,2,-999,531,NOT AVAILABLE,-13568302.0286654,4382308.8335053,119067A;119067B;119067D;119067C,108.1,MONTEREY PENINSULA COMMUNITY COLLEGE DISTRICT,MONTEREY PENINSULA COLLEGE CAMPUS;PUBLIC SAFETY TRAINING CENTER;NON-CAMPUS LAND;EDUCATION CENTER,Suburb: Midsize;nan,No;nan,www.mpc.edu/,1947,Lobos,en.wikipedia.org/wiki/Monterey_Peninsula_College
5760,115126,GOLDEN WEST COLLEGE,15744 GOLDENWEST ST.,HUNTINGTON BEACH,CA,92647,2710,(714) 892-7711,1,A,12031,ORANGE,6059,USA,33.7337745450001,-118.0030355,611210,JUNIOR COLLEGES,https://nces.ed.gov/collegenavigator/?id=115126,12/10/2009 12:00:00 AM,IMAGERY/OTHER,7/27/2016 12:00:00 AM,www.goldenwestcollege.edu/,6,59,4,1,40,1,21,-2,-2,NOT AVAILABLE,1,4,7891,3505,11396,2,-999,635,NOT AVAILABLE,-13136037.8239206,3993110.22553041,115126A,107.9,COAST COMMUNITY COLLEGE DISTRICT,GOLDEN WEST COLLEGE CAMPUS,Suburb: Large,No,www.goldenwestcollege.edu/,1965,Rustlers,en.wikipedia.org/wiki/Golden_West_College
5761,112385,COASTLINE COMMUNITY COLLEGE,11460 WARNER AVE.,FOUNTAIN VALLEY,CA,92708,2597,(714) 546-7600,1,A,9284,ORANGE,6059,USA,33.7156714980001,-117.929259626,611210,JUNIOR COLLEGES,https://nces.ed.gov/collegenavigator/?id=112385,12/10/2009 12:00:00 AM,IMAGERY/OTHER,7/27/2016 12:00:00 AM,www.coastline.edu/,6,59,4,2,40,1,13,-2,-2,NOT AVAILABLE,3,3,8021,805,8826,2,-999,458,NOT AVAILABLE,-13127825.1311941,3990687.25265468,112385A;112385B;112385C;112385D,11.2,COAST COMMUNITY COLLEGE DISTRICT,COLLEGE CENTER;GARDEN GROVE CENTER;LE-JAO CENTER;NEWPORT BEACH CENTER,City: Small;nan,No;nan,www.coastline.edu/,1976,Dolphins[5][a],en.wikipedia.org/wiki/Coastline_Community_College
5767,118976,MODESTO JUNIOR COLLEGE,435 COLLEGE AVE,MODESTO,CA,95350,5800,(209) 575-6550,1,A,17222,STANISLAUS,6099,USA,37.652041743,-121.009723,611210,JUNIOR COLLEGES,https://nces.ed.gov/collegenavigator/?id=118976,12/10/2009 12:00:00 AM,IMAGERY/OTHER,7/27/2016 12:00:00 AM,www.mjc.edu/,6,99,1,1,30,1,12,-2,-2,MJC,4,4,11234,5131,16365,2,-999,857,NOT AVAILABLE,-13470740.7453951,4530386.92718331,118976A;118976B,203.5,YOSEMITE COMMUNITY COLLEGE DISTRICT,EAST CAMPUS;WEST CAMPUS,City: Midsize;nan,No;nan,www.mjc.edu/,1921,Pirates,en.wikipedia.org/wiki/Modesto_Junior_College
5768,114716,FOOTHILL COLLEGE,12345 EL MONTE RD,LOS ALTOS HILLS,CA,94022,NOT AVAILABLE,(650) 949-7777,1,A,15286,SANTA CLARA,6085,USA,37.361104035,-122.12833,611210,JUNIOR COLLEGES,https://nces.ed.gov/collegenavigator/?id=114716,12/10/2009 12:00:00 AM,IMAGERY/OTHER,7/27/2016 12:00:00 AM,https://foothill.edu/,6,85,1,3,30,1,21,-2,-2,NOT AVAILABLE,3,4,10589,4016,14605,2,-999,681,10782614,-13595263.5070329,4489560.27020271,114716A;114716B,143.0,FOOTHILL - DE ANZA COMMUNITY COLLEGE DISTRICT,FOOTHILL COLLEGE CAMPUS;SUNNYVALE CENTER,Suburb: Large;nan,No;nan,https://foothill.edu/,1957,Owls,en.wikipedia.org/wiki/Foothill_College
5770,113333,DE ANZA COLLEGE,21250 STEVENS CREEK BLVD.,CUPERTINO,CA,95014,NOT AVAILABLE,(408) 864-5678,1,A,19622,SANTA CLARA,6085,USA,37.319175854,-122.0453645,611210,JUNIOR COLLEGES,https://nces.ed.gov/collegenavigator/?id=113333,12/10/2009 12:00:00 AM,IMAGERY/OTHER,7/27/2016 12:00:00 AM,www.deanza.edu/,6,85,4,3,40,1,13,-2,-2,NOT AVAILABLE,2,4,9333,9316,18649,2,-999,973,10798345,-13586027.8298195,4483689.65659747,113333A,110.7,FOOTHILL - DE ANZA COMMUNITY COLLEGE DISTRICT,DE ANZA COLLEGE CAMPUS,City: Small,No,www.deanza.edu/,1967,Mountain Lions,en.wikipedia.org/wiki/De_Anza_College
